Player,Team,Pos,Age,G,AB,R,H,2B,3B,HR,RBI,SB,CS,BB,SO,SH,SF,HBP,AVG,OBP,SLG,OPS
Whit Merrifield,KC,2B,32,162,664,97,184,42,3,10,74,40,4,40,103,0,12,4,0.277,0.317,0.395,0.712
Marcus Semien,TOR,SS,31,162,652,115,173,39,2,45,102,15,1,66,146,0,3,3,0.265,0.334,0.538,0.872
Tommy Edman,STL,2B,26,159,641,91,168,41,3,11,56,30,5,38,95,2,4,6,0.262,0.308,0.387,0.695
Bo Bichette,TOR,SS,23,159,640,121,191,30,1,29,102,25,1,40,137,0,4,6,0.298,0.343,0.484,0.827
Isiah Kiner-Falefa,TEX,SS,26,158,635,74,172,25,3,8,53,20,5,28,90,1,2,11,0.271,0.312,0.357,0.669
Ozzie Albies,ATL,2B,24,156,629,103,163,40,7,30,106,20,4,47,128,0,7,3,0.259,0.310,0.488,0.798
David Fletcher,LAA,2B,27,157,626,74,164,27,3,2,47,15,3,31,60,6,1,1,0.262,0.297,0.324,0.621
Jonathan Schoop,DET,2B,30,156,623,85,173,30,1,22,84,2,0,37,133,0,8,6,0.278,0.320,0.435,0.755
Salvador Perez,KC,C,31,161,620,88,169,24,0,48,121,1,0,28,170,0,4,13,0.273,0.316,0.544,0.860
Mitch Haniger,SEA,OF,30,157,620,110,157,23,2,39,100,1,0,54,169,0,8,9,0.253,0.318,0.485,0.803
J.P. Crawford,SEA,SS,26,160,619,89,169,37,0,9,54,3,6,58,114,1,4,5,0.273,0.338,0.376,0.714
Vladimir Guerrero,TOR,1B,22,161,604,123,188,29,1,48,111,4,1,86,110,0,2,6,0.311,0.401,0.601,1.002
Kyle Seager,SEA,3B,33,159,603,73,128,29,1,35,101,3,1,59,161,0,4,4,0.212,0.285,0.438,0.723
Paul Goldschmidt,STL,1B,34,158,603,102,177,36,2,31,99,12,0,67,136,0,5,4,0.294,0.365,0.514,0.879
Cedric Mullins,BAL,OF,27,159,602,91,175,37,5,30,59,30,8,59,125,1,4,8,0.291,0.360,0.518,0.878
Jose Altuve,HOU,2B,31,146,601,117,167,32,1,31,83,5,3,66,91,1,6,4,0.278,0.350,0.489,0.839
Freddie Freeman,ATL,1B,32,159,600,120,180,25,2,31,83,8,3,85,107,0,2,8,0.300,0.393,0.503,0.896
DJ LeMahieu,NYY,2B,33,150,597,84,160,24,1,10,57,4,2,73,94,0,5,4,0.268,0.349,0.362,0.711
Nolan Arenado,STL,3B,30,157,593,81,151,34,3,34,105,2,0,50,96,0,7,3,0.255,0.312,0.494,0.806
Rafael Devers,BOS,3B,25,156,591,101,165,37,1,38,113,5,5,62,143,0,4,7,0.279,0.352,0.538,0.890
Austin Riley,ATL,3B,24,160,590,91,179,33,1,33,107,0,1,52,168,0,8,12,0.303,0.367,0.531,0.898
Dansby Swanson,ATL,SS,27,160,588,78,146,33,2,27,88,9,3,52,167,1,7,5,0.248,0.311,0.449,0.760
Jorge Polanco,MIN,SS,28,152,588,97,158,35,2,33,98,11,6,45,118,0,6,5,0.269,0.323,0.503,0.826
Adolis Garcia,TEX,OF,28,149,581,77,141,26,2,31,90,16,5,32,194,0,4,5,0.243,0.286,0.454,0.740
Ty France,SEA,2B,27,152,571,85,166,32,1,18,73,0,0,46,106,0,6,27,0.291,0.368,0.445,0.813
J.D. Martinez,BOS,DH,34,148,570,92,163,42,3,28,99,0,0,55,150,0,5,3,0.286,0.349,0.518,0.867
Jake Cronenworth,SD,2B,27,152,567,94,151,33,7,21,71,4,3,55,90,3,3,10,0.266,0.340,0.460,0.800
Jose Abreu,CWS,1B,34,152,566,86,148,30,2,30,117,1,0,61,143,0,10,22,0.261,0.351,0.481,0.832
Matt Olson,OAK,1B,27,156,565,101,153,35,0,39,111,4,1,88,113,0,11,9,0.271,0.371,0.540,0.911
Carlos Santana,KC,1B,35,158,565,66,121,15,0,19,69,2,0,86,102,0,5,3,0.214,0.319,0.342,0.661
Manny Machado,SD,3B,29,153,564,92,157,31,2,28,106,12,3,63,102,0,11,2,0.278,0.347,0.489,0.836
Pete Alonso,NYM,1B,26,152,561,81,147,27,3,37,94,3,0,60,127,0,4,12,0.262,0.344,0.519,0.863
Bryan Reynolds,PIT,OF,26,159,559,93,169,35,8,24,90,5,2,75,119,0,4,8,0.302,0.390,0.522,0.912
Robbie Grossman,DET,OF,32,156,557,88,133,23,3,23,67,20,5,98,155,2,6,8,0.239,0.357,0.415,0.772
Jeimer Candelario,DET,1B,27,149,557,75,151,42,3,16,67,0,0,65,135,0,0,4,0.271,0.351,0.443,0.794
Nathaniel Lowe,TEX,1B,26,157,557,75,147,24,3,18,72,8,0,80,162,0,3,2,0.264,0.357,0.415,0.772
Trey Mancini,BAL,1B,29,147,556,77,142,33,1,21,71,0,0,51,143,0,1,8,0.255,0.326,0.432,0.758
Carlos Correa,HOU,SS,27,148,555,104,155,34,1,26,92,0,0,75,116,0,6,4,0.279,0.366,0.485,0.851
Jose Ramirez,CLE,3B,29,152,552,111,147,32,5,36,103,27,4,72,87,0,5,7,0.266,0.355,0.538,0.893
Amed Rosario,CLE,SS,25,141,550,77,155,25,6,11,57,13,0,31,120,0,4,3,0.282,0.321,0.409,0.730
Aaron Judge,NYY,OF,29,148,550,89,158,24,0,39,98,6,1,75,158,0,5,3,0.287,0.373,0.544,0.917
Teoscar Hernandez,TOR,OF,29,143,550,92,163,29,0,32,116,12,4,36,148,0,2,7,0.296,0.346,0.524,0.870
Alex Verdugo,BOS,OF,25,146,544,88,157,32,2,13,63,6,2,51,96,0,5,4,0.289,0.351,0.426,0.777
Dylan Carlson,STL,OF,23,149,542,79,144,31,4,18,65,2,1,57,152,1,8,11,0.266,0.343,0.437,0.780
Yordan Alvarez,HOU,DH,24,144,537,92,149,35,1,33,104,1,0,50,145,0,3,8,0.277,0.346,0.531,0.877
Shohei Ohtani,LAA,DH,27,158,537,103,138,26,8,46,100,26,10,96,189,0,2,4,0.257,0.372,0.592,0.964
Brandon Lowe,TB,2B,27,149,535,97,132,31,0,39,99,7,1,68,167,0,3,9,0.247,0.340,0.523,0.863
Ryan Mountcastle,BAL,1B,24,144,534,77,136,23,1,33,89,4,3,41,161,0,7,4,0.255,0.309,0.487,0.796
Justin Turner,LAD,3B,36,151,533,87,148,22,0,27,87,3,0,61,98,0,6,12,0.278,0.361,0.471,0.832
Jonathan India,CIN,2B,24,150,532,98,143,34,2,21,69,12,3,71,141,1,4,23,0.269,0.376,0.459,0.835
Nick Castellanos,CIN,OF,29,138,531,95,164,38,1,34,100,3,1,41,121,0,6,7,0.309,0.362,0.576,0.938
Yuli Gurriel,HOU,1B,37,143,530,83,169,31,0,15,81,1,1,59,68,0,12,4,0.319,0.383,0.462,0.845
Jared Walsh,LAA,1B,28,144,530,70,147,34,1,29,98,2,1,48,152,0,3,4,0.277,0.340,0.509,0.849
Xander Bogaerts,BOS,SS,29,144,529,90,156,34,1,23,79,5,1,62,113,0,7,5,0.295,0.370,0.493,0.863
Matt Chapman,OAK,3B,28,151,529,75,111,15,3,27,72,3,2,80,202,0,9,4,0.210,0.314,0.403,0.717
Randy Arozarena,TB,OF,26,141,529,94,145,32,3,20,69,20,10,56,170,0,5,14,0.274,0.356,0.459,0.815
Ryan McMahon,COL,2B,26,151,528,80,134,32,1,23,86,6,2,59,147,0,5,4,0.254,0.331,0.449,0.780
Tim Anderson,CWS,SS,28,123,527,94,163,29,2,17,61,18,7,22,119,0,1,1,0.309,0.338,0.469,0.807
Trevor Story,COL,SS,28,142,526,88,132,34,5,24,75,20,6,53,139,0,5,11,0.251,0.329,0.471,0.800
Hunter Renfroe,BOS,OF,29,144,521,89,135,33,0,31,96,1,2,44,130,0,6,1,0.259,0.315,0.501,0.816
Yoan Moncada,CWS,3B,26,144,520,74,137,33,1,14,61,3,2,84,157,0,2,10,0.263,0.375,0.412,0.787
Mark Canha,OAK,OF,32,141,519,93,120,22,4,17,61,12,2,77,128,0,2,27,0.231,0.358,0.387,0.745
Austin Meadows,TB,OF,26,142,518,79,121,29,3,27,106,4,3,59,122,0,8,6,0.234,0.315,0.458,0.773
Kevin Newman,PIT,2B,28,148,517,50,117,22,3,5,39,6,1,27,41,6,3,1,0.226,0.265,0.309,0.574
Charlie Blackmon,COL,OF,35,150,514,76,139,25,4,13,78,3,0,54,91,0,3,11,0.270,0.351,0.411,0.762
Jean Segura,PHI,2B,31,131,514,76,149,27,3,14,58,9,3,39,78,1,4,9,0.290,0.348,0.436,0.784
Randal Grichuk,TOR,OF,30,149,511,59,123,25,1,22,81,0,3,27,114,0,4,3,0.241,0.281,0.423,0.704
Giancarlo Stanton,NYY,DH,31,139,510,64,139,19,0,35,97,0,0,63,157,0,3,3,0.273,0.354,0.516,0.870
Eric Hosmer,SD,1B,32,151,509,53,137,28,0,12,65,5,4,48,99,1,2,5,0.269,0.337,0.395,0.732
Enrique Hernandez,BOS,2B,30,134,508,84,127,35,3,20,60,1,0,61,110,0,7,9,0.250,0.337,0.449,0.786
Chris Taylor,LAD,2B,31,148,507,92,129,25,4,20,73,13,1,63,167,1,3,8,0.254,0.344,0.438,0.782
Kyle Tucker,HOU,OF,24,140,506,83,149,37,3,30,92,14,2,53,90,0,5,1,0.294,0.359,0.557,0.916
Eugenio Suarez,CIN,3B,30,145,505,71,100,23,0,31,79,0,1,56,171,0,5,8,0.198,0.286,0.428,0.714
Juan Soto,WAS,OF,23,151,502,111,157,20,2,29,95,9,7,145,93,0,5,2,0.313,0.465,0.534,0.999
Lourdes Gurriel,TOR,OF,28,141,500,62,138,28,2,21,84,1,3,32,102,1,6,2,0.276,0.319,0.466,0.785
Pavin Smith,ARI,1B,25,145,498,68,133,27,4,11,49,1,0,42,106,0,1,4,0.267,0.328,0.404,0.732
Josh Bell,WAS,1B,29,144,498,75,130,24,1,27,88,0,0,65,101,0,3,2,0.261,0.347,0.476,0.823
Max Muncy,LAD,2B,31,144,497,95,124,26,2,36,94,2,1,83,120,0,1,11,0.249,0.368,0.527,0.895
Nicky Lopez,KC,2B,26,151,497,78,149,21,6,2,43,22,1,49,74,12,3,4,0.300,0.365,0.378,0.743
Elvis Andrus,OAK,SS,33,146,497,60,121,25,2,3,37,12,2,31,81,3,4,6,0.243,0.294,0.320,0.614
Miguel Rojas,MIA,SS,32,132,495,66,131,30,3,9,48,13,3,37,74,1,1,5,0.265,0.322,0.392,0.714
Andrew Benintendi,KC,OF,27,134,493,63,136,27,2,17,73,8,9,36,97,1,6,2,0.276,0.324,0.442,0.766
Luis Urias,MIL,SS,24,150,490,77,122,25,1,23,75,5,1,63,116,1,3,10,0.249,0.345,0.445,0.790
Austin Hays,BAL,OF,26,131,488,73,125,26,4,22,71,4,3,28,107,3,1,9,0.256,0.308,0.461,0.769
Bryce Harper,PHI,OF,29,141,488,101,151,42,1,35,84,13,3,100,134,2,4,5,0.309,0.429,0.615,1.044
Raimel Tapia,COL,OF,27,133,487,69,133,26,2,6,50,20,6,40,70,1,4,1,0.273,0.327,0.372,0.699
Hunter Dozier,KC,1B,30,144,487,55,105,27,6,16,54,5,4,43,154,0,6,7,0.216,0.285,0.394,0.679
David Peralta,ARI,OF,34,150,487,57,126,30,8,8,63,2,1,46,92,0,2,3,0.259,0.325,0.402,0.727
Josh Rojas,ARI,2B,27,139,484,69,128,32,3,11,44,9,4,58,137,1,3,0,0.264,0.341,0.411,0.752
Kyle Farmer,CIN,2B,31,147,483,60,127,22,2,16,63,2,3,22,97,1,5,18,0.263,0.316,0.416,0.732
Michael Taylor,KC,OF,30,142,483,58,118,16,1,12,54,14,7,33,144,2,5,5,0.244,0.297,0.356,0.653
Brandon Crawford,SF,SS,34,138,483,79,144,30,3,24,90,11,3,56,105,0,5,5,0.298,0.373,0.522,0.895
Tyler O'Neill,STL,OF,26,138,482,89,138,26,2,34,80,15,4,38,168,0,4,13,0.286,0.352,0.560,0.912
Andrew McCutchen,PHI,OF,35,144,482,78,107,24,1,27,80,6,1,81,132,0,7,4,0.222,0.334,0.444,0.778
Fernando Tatis,SD,SS,22,130,478,99,135,31,0,42,97,25,4,62,153,0,4,2,0.282,0.364,0.611,0.975
J.T. Realmuto,PHI,C,30,134,476,64,125,25,4,17,73,13,3,48,129,0,2,11,0.263,0.343,0.439,0.782
Tommy Pham,SD,OF,33,155,475,74,109,24,2,15,49,14,6,78,128,0,4,4,0.229,0.340,0.383,0.723
Miguel Cabrera,DET,DH,38,130,472,48,121,16,0,15,75,0,0,40,118,0,9,5,0.256,0.316,0.386,0.702
Miguel Sano,MIN,1B,28,135,470,68,105,24,0,30,75,2,1,59,183,0,1,2,0.223,0.312,0.466,0.778
C.J. Cron,COL,1B,31,142,470,70,132,31,1,28,92,1,0,60,117,0,4,13,0.281,0.375,0.530,0.905
Michael Brantley,HOU,OF,34,121,469,68,146,29,3,8,47,1,0,33,53,0,1,5,0.311,0.362,0.437,0.799
Mike Yastrzemski,SF,OF,31,139,468,75,105,28,3,25,71,4,0,51,131,1,3,9,0.224,0.311,0.457,0.768
Mookie Betts,LAD,OF,29,122,466,93,123,29,3,23,58,10,5,68,86,0,5,11,0.264,0.367,0.487,0.854
Ian Happ,CHC,OF,27,148,465,63,105,20,1,25,66,9,2,62,156,2,1,5,0.226,0.323,0.434,0.757
Yandy Diaz,TB,3B,30,134,465,62,119,20,1,13,64,1,1,69,85,0,4,3,0.256,0.353,0.387,0.740
Jazz Chisholm,MIA,2B,23,124,464,70,115,20,4,18,53,23,8,34,145,2,3,4,0.248,0.303,0.425,0.728
Trent Grisham,SD,OF,25,132,462,61,112,28,3,15,62,13,5,54,119,1,4,6,0.242,0.327,0.413,0.740
Avisail Garcia,MIL,OF,30,135,461,68,121,18,0,29,86,8,4,38,121,0,5,11,0.262,0.330,0.490,0.820
Joey Wendle,TB,2B,31,136,460,73,122,31,4,11,54,8,6,28,113,0,3,10,0.265,0.319,0.422,0.741
Gleyber Torres,NYY,SS,24,127,459,50,119,22,0,9,51,14,6,50,104,2,4,1,0.259,0.331,0.366,0.697
Christian Vazquez,BOS,C,31,138,458,51,118,23,1,6,49,8,4,33,84,1,4,2,0.258,0.308,0.352,0.660
Nick Solak,TEX,2B,26,127,458,57,111,18,2,11,49,7,5,34,107,2,2,15,0.242,0.314,0.362,0.676
Jed Lowrie,OAK,2B,37,139,457,55,112,28,0,14,69,0,0,49,108,0,4,2,0.245,0.318,0.398,0.716
Josh Donaldson,MIN,3B,35,135,457,73,113,26,0,26,72,0,0,74,114,0,8,4,0.247,0.352,0.475,0.827
Jonathan Villar,NYM,2B,30,142,454,63,113,18,2,18,42,14,7,46,132,2,0,3,0.249,0.322,0.416,0.738
Garrett Hampson,COL,2B,27,147,453,69,106,21,6,11,33,17,7,33,118,3,2,3,0.234,0.289,0.380,0.669
Francisco Lindor,NYM,SS,27,125,452,73,104,16,3,20,63,10,4,58,96,6,3,5,0.230,0.322,0.412,0.734
Odubel Herrera,PHI,OF,29,124,450,59,117,27,2,13,51,6,1,29,77,1,5,6,0.260,0.310,0.416,0.726
Jesus Aguilar,MIA,1B,31,131,449,49,117,23,0,22,93,0,0,46,93,0,7,3,0.261,0.329,0.459,0.788
Joey Votto,CIN,1B,38,129,448,73,119,23,1,36,99,1,0,77,127,0,4,4,0.266,0.375,0.563,0.938
Dominic Smith,NYM,1B,26,145,446,43,109,20,0,11,58,2,1,32,112,0,6,9,0.244,0.304,0.363,0.667
Kolten Wong,MIL,2B,31,116,445,70,121,32,2,14,50,12,5,31,83,0,3,13,0.272,0.335,0.447,0.782
Wil Myers,SD,OF,30,146,442,56,113,24,2,17,63,8,5,54,141,0,4,0,0.256,0.334,0.434,0.768
Yadier Molina,STL,C,39,121,440,45,111,19,0,11,66,3,0,24,79,0,3,5,0.252,0.297,0.370,0.667
Nick Ahmed,ARI,SS,31,129,434,46,96,30,3,5,38,7,2,34,104,2,1,2,0.221,0.280,0.339,0.619
Luis Arraez,MIN,2B,24,121,428,58,126,17,6,2,42,2,2,43,48,0,6,2,0.294,0.357,0.376,0.733
Max Kepler,MIN,OF,28,121,426,61,90,21,4,19,54,10,0,54,96,0,4,6,0.211,0.306,0.413,0.719
Jose Iglesias,LAA,SS,31,114,424,57,110,23,1,8,41,5,2,18,66,0,1,4,0.259,0.295,0.375,0.670
Jesse Winker,CIN,OF,28,110,423,77,129,32,1,24,71,1,0,53,75,0,0,9,0.305,0.394,0.556,0.950
Manuel Margot,TB,OF,27,125,421,55,107,18,3,10,57,13,8,37,70,1,4,1,0.254,0.313,0.382,0.695
Gio Urshela,NYY,3B,30,116,420,42,112,18,2,14,49,1,0,20,109,0,1,1,0.267,0.301,0.419,0.720
Franmil Reyes,CLE,DH,26,115,418,57,106,18,2,30,85,4,1,43,149,0,3,2,0.254,0.324,0.522,0.846
Bobby Dalbec,BOS,1B,26,133,417,50,100,21,5,25,78,2,0,28,156,0,1,7,0.240,0.298,0.494,0.792
Andrew Vaughn,CWS,1B,23,127,417,56,98,22,0,15,48,1,1,41,101,0,5,6,0.235,0.309,0.396,0.705
Leury Garcia,CWS,SS,30,126,415,60,111,22,4,5,54,6,2,41,97,9,5,4,0.267,0.335,0.376,0.711
Will Smith,LAD,C,26,130,414,71,107,19,2,25,76,3,0,58,101,0,11,18,0.258,0.365,0.495,0.860
Akil Baddoo,DET,OF,23,124,413,60,107,20,7,13,55,18,4,45,122,0,3,0,0.259,0.330,0.436,0.766
Willson Contreras,CHC,C,29,128,413,61,98,20,0,21,57,5,4,52,138,0,4,14,0.237,0.340,0.438,0.778
Willi Castro,DET,SS,24,125,413,56,91,15,6,9,38,9,4,23,109,3,3,8,0.220,0.273,0.351,0.624
Andrelton Simmons,MIN,SS,32,131,412,37,92,12,0,3,31,1,0,32,62,3,1,3,0.223,0.283,0.274,0.557
Tyler Naquin,CIN,OF,30,127,411,52,111,24,2,19,70,5,3,35,106,0,3,5,0.270,0.333,0.477,0.810
Anthony Santander,BAL,OF,27,110,406,54,98,24,0,18,50,1,1,23,101,1,4,4,0.241,0.286,0.433,0.719
Michael Conforto,NYM,OF,28,125,406,52,94,20,0,14,55,1,0,59,104,0,2,12,0.232,0.344,0.384,0.728
Christian Walker,ARI,1B,30,115,401,55,98,23,1,10,46,0,0,38,106,0,2,4,0.244,0.315,0.382,0.697
Christian Yelich,MIL,OF,29,117,399,70,99,19,2,9,51,9,3,70,113,0,3,3,0.248,0.362,0.373,0.735
Buster Posey,SF,C,34,113,395,68,120,23,0,18,56,0,0,56,87,0,2,1,0.304,0.390,0.499,0.889
Sean Murphy,OAK,C,27,119,393,47,85,23,0,17,59,0,0,40,114,0,3,12,0.216,0.306,0.405,0.711
Omar Narvaez,MIL,C,29,123,391,54,104,20,0,11,49,0,0,41,84,0,6,7,0.266,0.342,0.402,0.744
Rhys Hoskins,PHI,1B,28,107,389,64,96,29,0,27,71,3,2,47,108,0,2,5,0.247,0.334,0.530,0.864
Wilmer Flores,SF,2B,30,139,389,57,102,16,1,18,53,1,0,41,56,0,3,3,0.262,0.335,0.447,0.782
Trea Turner,WAS,SS,28,96,388,66,125,17,3,18,49,21,3,26,77,0,2,4,0.322,0.369,0.521,0.890
Brendan Rodgers,COL,2B,25,102,387,49,110,21,3,15,51,0,0,19,84,0,2,7,0.284,0.328,0.470,0.798
Jackie Bradley,MIL,OF,31,134,387,39,63,14,3,6,29,7,1,28,132,0,3,10,0.163,0.236,0.261,0.497
Brett Gardner,NYY,OF,38,140,387,47,86,16,4,10,39,4,0,60,100,5,6,3,0.222,0.327,0.362,0.689
Jeff McNeil,NYM,2B,29,120,386,48,97,19,1,7,35,3,0,29,58,0,1,10,0.251,0.319,0.360,0.679
Adam Frazier,PIT,2B,29,98,386,58,125,28,4,4,32,5,4,35,46,0,1,6,0.324,0.388,0.448,0.836
AJ Pollock,LAD,OF,33,117,384,53,114,27,1,21,69,9,1,30,80,0,2,6,0.297,0.355,0.536,0.891
Gary Sanchez,NYY,C,28,117,383,54,78,13,1,23,54,0,0,52,121,0,0,5,0.204,0.307,0.423,0.730
Alec Bohm,PHI,3B,25,115,380,46,94,15,0,7,47,4,0,31,111,0,4,2,0.247,0.305,0.342,0.647
Pedro Severino,BAL,C,28,113,379,32,94,18,0,11,46,0,0,34,109,0,5,1,0.248,0.308,0.383,0.691
Maikel Franco,BAL,3B,29,104,377,31,79,22,0,11,47,0,0,20,67,0,3,3,0.210,0.253,0.355,0.608
Cesar Hernandez,CLE,2B,31,96,376,60,87,17,2,18,47,0,0,38,90,0,2,4,0.231,0.307,0.431,0.738
James McCann,NYM,C,31,121,375,29,87,12,1,10,46,1,2,32,115,0,3,2,0.232,0.294,0.349,0.643
Jacob Stallings,PIT,C,31,112,374,38,92,20,1,8,53,0,0,49,85,0,2,2,0.246,0.335,0.369,0.704
Martin Maldonado,HOU,C,35,125,373,40,64,10,1,12,36,0,0,47,127,0,1,5,0.172,0.272,0.300,0.572
Eduardo Escobar,ARI,3B,32,98,370,50,91,14,3,22,65,1,0,29,85,0,1,0,0.246,0.300,0.478,0.778
Didi Gregorius,PHI,SS,31,103,368,35,77,16,2,13,54,3,0,25,67,0,7,8,0.209,0.270,0.370,0.640
Harrison Bader,STL,OF,27,103,367,45,98,21,1,16,50,9,4,27,85,0,2,5,0.267,0.324,0.460,0.784
Willy Adames,MIL,SS,26,99,365,61,104,26,0,20,58,4,2,47,105,0,1,0,0.285,0.366,0.521,0.887
Ke'Bryan Hayes,PIT,3B,24,96,362,49,93,20,2,6,38,9,1,31,87,0,2,1,0.257,0.316,0.373,0.689
Paul DeJong,STL,SS,28,113,356,44,70,10,1,19,45,4,1,35,103,0,2,9,0.197,0.284,0.390,0.674
Jurickson Profar,SD,2B,28,137,353,47,80,17,2,4,33,10,5,49,65,1,2,6,0.227,0.329,0.320,0.649
Corey Seager,LAD,SS,27,95,353,54,108,22,3,16,57,1,1,48,66,0,3,5,0.306,0.394,0.521,0.915
Eric Haase,DET,C,28,98,351,48,81,12,1,22,61,2,0,26,119,0,2,2,0.231,0.286,0.459,0.745
Tyler Stephenson,CIN,C,25,132,350,56,100,21,0,10,45,0,0,41,75,0,5,6,0.286,0.366,0.431,0.797
Alex Bregman,HOU,3B,27,91,348,54,94,17,0,12,55,1,0,44,53,0,4,4,0.270,0.355,0.422,0.777
Tucker Barnhart,CIN,C,30,116,348,41,86,21,0,7,48,0,0,29,100,0,3,8,0.247,0.317,0.368,0.685
Kevin Kiermaier,TB,OF,31,122,348,54,90,19,7,4,37,9,5,33,99,0,4,5,0.259,0.328,0.388,0.716
Luis Torrens,SEA,C,25,108,346,39,84,16,2,15,47,0,0,28,99,0,3,1,0.243,0.299,0.431,0.730
Phil Gosselin,LAA,OF,33,104,345,40,90,14,0,7,47,4,2,24,81,0,1,3,0.261,0.314,0.362,0.676
Ramon Laureano,OAK,OF,27,88,341,43,84,21,2,14,39,12,5,27,98,0,1,9,0.246,0.317,0.443,0.760
Ketel Marte,ARI,2B,28,90,340,52,108,29,1,14,50,2,0,31,60,0,1,2,0.318,0.377,0.532,0.909
Harold Ramirez,CLE,OF,27,99,339,33,91,21,1,7,41,3,1,14,56,0,3,5,0.268,0.305,0.398,0.703
Patrick Wisdom,CHC,1B,30,106,338,54,78,13,0,28,61,4,1,32,153,0,0,4,0.231,0.305,0.518,0.823
Elias Diaz,COL,C,30,106,338,52,83,18,1,18,44,0,0,30,60,0,1,2,0.246,0.310,0.464,0.774
Jarred Kelenic,SEA,OF,22,93,337,41,61,13,1,14,43,6,4,36,106,0,1,3,0.181,0.265,0.350,0.615
LaMonte Wade,SF,OF,27,109,336,52,85,17,3,18,56,6,1,33,89,4,3,5,0.253,0.326,0.482,0.808
Gregory Polanco,PIT,OF,30,107,336,38,70,12,2,11,36,14,1,36,104,0,8,2,0.208,0.283,0.354,0.637
Javier Baez,CHC,SS,28,91,335,48,83,9,2,22,65,13,3,15,131,0,3,7,0.248,0.292,0.484,0.776
Gavin Lux,LAD,2B,23,102,335,49,81,12,4,7,46,4,1,41,83,0,2,3,0.242,0.328,0.364,0.692
Mike Zunino,TB,C,30,109,333,64,72,11,2,33,62,0,0,34,132,0,1,7,0.216,0.301,0.559,0.860
Dylan Moore,SEA,2B,29,126,332,42,60,11,2,12,43,21,5,40,111,0,1,4,0.181,0.276,0.334,0.610
Brad Miller,PHI,3B,32,140,331,53,75,9,3,20,49,3,0,45,112,0,0,1,0.227,0.321,0.453,0.774
Tony Kemp,OAK,2B,30,131,330,54,92,16,3,8,37,8,2,52,51,4,5,6,0.279,0.382,0.418,0.800
Kris Bryant,CHC,3B,29,93,326,58,87,19,2,18,51,4,2,39,89,0,1,8,0.267,0.358,0.503,0.861
Ben Gamel,PIT,OF,29,111,326,42,83,17,3,8,26,3,6,48,99,2,4,3,0.255,0.352,0.399,0.751
Brandon Nimmo,NYM,OF,28,92,325,51,95,17,3,8,28,5,4,54,79,2,0,5,0.292,0.401,0.437,0.838
Brandon Belt,SF,1B,33,97,325,65,89,14,2,29,59,3,2,48,103,0,1,7,0.274,0.378,0.597,0.975
Kevin Pillar,NYM,OF,32,124,325,40,75,11,2,15,47,4,3,11,81,0,1,10,0.231,0.277,0.415,0.692
Myles Straw,HOU,OF,27,98,325,44,85,13,1,2,34,17,5,38,71,1,4,2,0.262,0.339,0.326,0.665
Anthony Rizzo,CHC,1B,32,92,323,41,80,16,3,14,40,4,2,36,59,0,3,14,0.248,0.346,0.446,0.792
Jason Heyward,CHC,OF,32,104,323,35,69,15,2,8,30,5,1,27,68,0,0,3,0.214,0.280,0.347,0.627
Rougned Odor,NYY,2B,27,102,322,42,65,12,0,15,39,0,1,27,100,1,0,11,0.202,0.286,0.379,0.665
Josh Harrison,WAS,2B,34,90,320,39,94,23,2,6,38,5,2,25,50,0,1,12,0.294,0.366,0.434,0.800
Alcides Escobar,WAS,SS,34,75,319,53,92,21,2,4,28,3,0,17,56,2,2,9,0.288,0.340,0.404,0.744
Justin Upton,LAA,OF,34,90,318,47,67,12,0,17,41,4,1,39,107,0,3,1,0.211,0.296,0.409,0.705
Ronald Torreyes,PHI,SS,29,112,318,30,77,10,1,7,41,2,1,19,41,5,1,1,0.242,0.286,0.346,0.632
Colin Moran,PIT,1B,29,99,318,29,82,12,0,10,50,1,0,36,87,0,3,2,0.258,0.334,0.390,0.724
Harold Castro,DET,OF,27,106,315,35,89,13,1,3,37,1,1,14,72,4,5,1,0.283,0.310,0.359,0.669
Cody Bellinger,LAD,1B,26,95,315,39,52,9,2,10,36,3,1,31,94,0,3,1,0.165,0.240,0.302,0.542
Victor Robles,WAS,OF,24,107,315,37,64,21,1,2,19,8,6,33,85,4,1,16,0.203,0.310,0.295,0.605
Starlin Castro,WAS,2B,31,87,315,25,89,20,0,3,38,0,1,26,62,0,4,0,0.283,0.333,0.375,0.708
Adam Duvall,MIA,OF,33,91,314,41,72,10,1,22,68,5,0,21,105,0,3,1,0.229,0.277,0.478,0.755
Victor Caratini,SD,C,28,116,313,33,71,9,0,7,39,2,0,35,82,0,4,4,0.227,0.309,0.323,0.632
Joey Gallo,TEX,OF,27,95,310,57,69,6,1,25,55,6,0,74,125,0,0,4,0.223,0.379,0.490,0.869
Juan Lagares,LAA,OF,32,112,309,39,73,20,2,6,38,1,2,12,76,4,1,1,0.236,0.266,0.372,0.638
Jorge Soler,KC,OF,29,94,308,38,59,16,0,13,37,0,0,38,97,0,3,5,0.192,0.288,0.370,0.658
Donovan Solano,SF,2B,33,101,307,35,86,17,0,7,31,2,0,25,58,1,4,7,0.280,0.344,0.404,0.748
Guillermo Heredia,ATL,OF,30,120,305,46,67,26,0,5,26,0,0,32,81,0,1,9,0.220,0.311,0.354,0.665
Carson Kelly,ARI,C,27,98,304,41,73,11,1,13,46,0,0,44,74,0,5,6,0.240,0.343,0.411,0.754
Yonathan Daza,COL,OF,27,107,301,26,85,12,2,2,30,2,1,21,60,6,1,2,0.282,0.332,0.355,0.687
Bradley Zimmer,CLE,OF,28,99,299,44,68,9,1,8,35,15,3,30,122,0,4,15,0.227,0.325,0.344,0.669
George Springer,TOR,OF,32,78,299,59,79,19,1,22,50,4,1,37,79,0,1,4,0.264,0.352,0.555,0.907
Ronald Acuna,ATL,OF,23,82,297,72,84,19,1,24,52,17,6,49,85,0,5,9,0.283,0.394,0.596,0.990
Rafael Ortega,CHC,OF,30,103,296,44,86,14,2,11,33,12,6,30,70,2,0,2,0.291,0.360,0.463,0.823
Nelson Cruz,MIN,DH,41,85,296,44,87,13,1,19,50,3,0,35,63,0,7,5,0.294,0.370,0.537,0.907
Jorge Alfaro,MIA,C,28,92,295,22,72,15,1,4,30,8,1,11,99,0,0,5,0.244,0.283,0.342,0.625
Aledmys Diaz,HOU,2B,31,84,294,28,76,19,0,8,45,0,1,16,62,0,0,9,0.259,0.317,0.405,0.722
David Bote,CHC,2B,28,97,291,32,58,10,2,8,35,0,1,27,73,1,3,5,0.199,0.276,0.330,0.606
Niko Goodrum,DET,2B,29,90,290,39,62,11,2,9,33,14,5,29,107,0,2,4,0.214,0.292,0.359,0.651
Matt Duffy,CHC,3B,30,97,289,45,83,12,0,5,30,8,1,25,63,0,1,7,0.287,0.357,0.381,0.738
Edmundo Sosa,STL,2B,25,113,288,39,78,8,4,6,27,4,4,17,63,1,2,17,0.271,0.346,0.389,0.735
Austin Hedges,CLE,C,29,88,286,32,51,7,0,10,31,1,0,15,87,7,3,1,0.178,0.220,0.308,0.528
Jose Trevino,TEX,C,28,89,285,23,68,14,0,5,30,1,1,12,57,2,3,0,0.239,0.267,0.340,0.607
Daulton Varsho,ARI,C,25,95,284,41,70,17,2,11,38,6,0,30,67,1,0,0,0.246,0.318,0.437,0.755
Chas McCormick,HOU,OF,26,108,284,47,73,12,0,14,50,4,2,25,104,0,7,4,0.257,0.319,0.447,0.766
Asdrubal Cabrera,ARI,3B,35,90,283,34,69,21,0,7,40,1,0,33,73,0,3,2,0.244,0.324,0.392,0.716
Alex Dickerson,SF,OF,31,111,283,37,66,10,2,13,38,1,0,23,76,0,0,6,0.233,0.304,0.420,0.724
Eddie Rosario,CLE,OF,30,78,283,29,72,15,1,7,46,9,2,17,47,2,3,1,0.254,0.296,0.389,0.685
Max Stassi,LAA,C,30,87,282,45,68,11,1,13,35,0,0,28,101,0,1,8,0.241,0.326,0.426,0.752
Wander Franco,TB,SS,20,70,281,53,81,18,5,7,39,2,1,24,37,0,1,2,0.288,0.347,0.463,0.810
Seth Brown,OAK,OF,29,111,281,43,60,13,1,20,48,4,1,23,89,0,2,1,0.214,0.274,0.480,0.754
Yasmani Grandal,CWS,C,32,93,279,60,67,9,0,23,62,0,0,87,82,1,5,3,0.240,0.420,0.520,0.940
Tom Murphy,SEA,C,30,97,277,35,56,8,0,11,34,0,0,40,99,0,3,2,0.202,0.304,0.350,0.654
Luis Robert,CWS,OF,24,68,275,42,93,22,1,13,43,6,1,14,61,0,2,5,0.338,0.378,0.567,0.945
Austin Slater,SF,OF,28,129,274,39,66,12,1,12,32,15,2,28,84,0,0,4,0.241,0.320,0.423,0.743
Lewis Brinson,MIA,OF,27,89,274,24,62,14,0,9,33,1,1,13,72,1,1,1,0.226,0.263,0.376,0.639
Josh VanMeter,ARI,2B,26,112,274,26,58,17,2,6,36,3,2,33,83,0,2,1,0.212,0.297,0.354,0.651
Joshua Fuentes,COL,1B,28,95,271,30,61,11,1,7,33,0,0,12,65,0,1,0,0.225,0.257,0.351,0.608
DJ Stewart,BAL,OF,27,100,270,39,55,10,0,12,33,0,0,44,89,0,0,4,0.204,0.324,0.374,0.698
Steven Duggar,SF,OF,27,107,268,45,69,14,5,8,35,7,0,27,88,0,0,2,0.257,0.330,0.437,0.767
Ryan Jeffers,MIN,C,24,85,267,28,53,10,1,14,35,0,1,22,108,0,0,4,0.199,0.270,0.401,0.671
Ha-Seong Kim,SD,SS,26,117,267,27,54,12,2,8,34,6,1,22,71,2,3,4,0.202,0.270,0.352,0.622
Kyle Schwarber,WAS,OF,28,72,265,42,67,9,0,25,53,1,1,31,88,0,2,5,0.253,0.340,0.570,0.910
Jonah Heim,TEX,C,26,82,265,22,52,13,0,10,32,3,1,15,58,1,3,1,0.196,0.239,0.358,0.597
Yadiel Hernandez,WAS,OF,34,112,264,33,72,8,1,9,32,3,0,22,59,0,2,1,0.273,0.329,0.413,0.742
Darin Ruf,SF,OF,35,117,262,41,71,13,2,16,43,2,0,46,87,0,1,3,0.271,0.385,0.519,0.904
Ramon Urias,BAL,2B,27,85,262,33,73,14,0,7,38,1,2,28,76,0,0,6,0.279,0.361,0.412,0.773
Trevor Larnach,MIN,OF,24,79,260,29,58,12,0,7,28,1,0,31,104,0,2,8,0.223,0.322,0.350,0.672
Willie Calhoun,TEX,OF,26,75,260,26,65,10,3,6,25,0,2,21,34,0,1,2,0.250,0.310,0.381,0.691
Pat Valaika,BAL,2B,29,91,259,17,52,8,0,5,25,1,1,16,76,1,3,2,0.201,0.250,0.290,0.540
Jace Peterson,MIL,OF,31,94,259,36,64,11,1,6,31,10,1,38,68,0,2,3,0.247,0.348,0.367,0.715
Ji-Man Choi,TB,1B,30,83,258,36,59,14,0,11,45,0,0,45,87,0,0,2,0.229,0.348,0.411,0.759
Lorenzo Cain,MIL,OF,35,78,257,40,66,13,0,8,36,13,2,26,48,0,1,2,0.257,0.329,0.401,0.730
Joc Pederson,CHC,OF,29,73,256,35,59,11,2,11,39,2,3,22,74,0,4,5,0.230,0.300,0.418,0.718
Ryan Zimmerman,WAS,1B,37,110,255,27,62,16,0,14,46,0,0,16,77,0,2,0,0.243,0.286,0.471,0.757
Evan Longoria,SF,3B,36,81,253,45,66,17,0,13,46,1,1,35,68,0,2,1,0.261,0.351,0.482,0.833
Andy Ibanez,TEX,2B,28,76,253,31,70,15,2,7,25,0,0,15,35,1,1,2,0.277,0.321,0.435,0.756
Brett Phillips,TB,OF,27,119,253,50,52,9,4,13,44,14,3,33,113,2,2,2,0.206,0.300,0.427,0.727
Francisco Mejia,TB,C,26,84,250,31,65,15,3,6,35,0,0,17,49,1,2,7,0.260,0.322,0.416,0.738
Cavan Biggio,TOR,2B,26,79,250,27,56,10,1,7,27,3,1,37,78,1,4,1,0.224,0.322,0.356,0.678
Freddy Galvis,BAL,2B,31,72,249,36,62,12,1,9,26,1,0,18,58,2,1,3,0.249,0.306,0.414,0.720
Charlie Culberson,TEX,OF,32,91,247,23,60,15,2,5,22,7,1,17,64,4,1,2,0.243,0.296,0.381,0.677
Bobby Bradley,CLE,1B,25,74,245,36,51,10,0,16,41,0,0,25,99,0,3,6,0.208,0.294,0.445,0.739
Tyrone Taylor,MIL,OF,27,93,243,33,60,9,3,12,43,6,1,20,59,0,1,7,0.247,0.321,0.457,0.778
Marwin Gonzalez,BOS,2B,32,77,242,25,49,14,0,2,20,3,2,19,70,1,1,8,0.202,0.281,0.285,0.566
Hanser Alberto,KC,2B,29,103,241,25,65,20,3,2,24,3,1,4,26,4,2,4,0.270,0.291,0.402,0.693
Yermin Mercedes,CWS,DH,28,68,240,26,65,9,1,7,37,0,1,20,46,0,1,1,0.271,0.328,0.404,0.732
Myles Straw,CLE,OF,27,60,239,42,68,16,0,2,14,13,1,29,50,0,0,0,0.285,0.362,0.377,0.739
Isan Diaz,MIA,2B,25,89,238,25,46,9,0,4,17,1,1,34,73,1,3,1,0.193,0.293,0.282,0.575
Yu Chang,CLE,3B,26,89,237,32,54,14,3,9,39,1,0,11,69,0,1,2,0.228,0.267,0.426,0.693
Ryan O'Hearn,KC,1B,28,84,236,23,53,5,1,9,29,0,0,13,71,0,3,2,0.225,0.268,0.369,0.637
Brandon Marsh,LAA,OF,23,70,236,27,60,12,3,2,19,6,1,20,91,1,1,2,0.254,0.317,0.356,0.673
Luis Garcia,WAS,2B,21,70,236,29,57,18,2,6,22,0,2,11,43,0,0,0,0.242,0.275,0.411,0.686
Byron Buxton,MIN,OF,27,61,235,50,72,23,0,19,32,9,1,13,62,0,0,6,0.306,0.358,0.647,1.005
Brock Holt,TEX,3B,33,77,235,21,49,13,1,2,23,5,1,23,49,0,1,1,0.209,0.281,0.298,0.579
Brian Goodwin,CWS,OF,30,72,235,33,52,10,1,8,29,1,0,33,58,1,1,1,0.221,0.319,0.374,0.693
Starling Marte,OAK,OF,33,56,234,37,74,16,2,5,30,25,2,11,42,0,1,5,0.316,0.359,0.466,0.825
Starling Marte,MIA,OF,33,64,233,52,71,11,1,7,25,22,3,32,57,1,1,8,0.305,0.405,0.451,0.856
Josh Naylor,CLE,OF,24,69,233,28,59,13,0,7,21,1,0,14,45,0,0,2,0.253,0.301,0.399,0.700
Jon Berti,MIA,2B,31,85,233,35,49,10,1,4,19,8,4,32,61,1,2,3,0.210,0.311,0.313,0.624
Brian Anderson,MIA,3B,28,67,233,24,58,9,0,7,28,5,0,26,65,0,0,5,0.249,0.337,0.378,0.715
Jack Mayfield,LAA,SS,31,75,232,28,52,14,0,10,36,5,0,16,58,3,1,3,0.224,0.282,0.414,0.696
Mitch Moreland,OAK,1B,36,81,229,28,52,11,1,10,30,0,0,18,58,0,3,2,0.227,0.286,0.415,0.701
Dom Nunez,COL,C,26,81,228,31,43,12,3,10,33,0,0,34,91,0,1,0,0.189,0.293,0.399,0.692
Jesus Sanchez,MIA,OF,24,64,227,27,57,8,2,14,36,0,1,20,78,0,1,3,0.251,0.319,0.489,0.808
Abraham Toro,SEA,3B,24,60,226,28,57,11,0,5,26,3,2,22,33,0,1,4,0.252,0.328,0.367,0.695
Frank Schwindel,CHC,1B,29,56,222,42,76,19,1,13,40,2,1,16,36,0,0,1,0.342,0.389,0.613,1.002
Santiago Espinal,TOR,SS,26,92,222,32,69,13,1,2,17,6,1,22,30,1,0,1,0.311,0.376,0.405,0.781
Sergio Alcantara,CHC,SS,25,89,220,30,45,6,3,5,17,3,0,30,74,1,2,2,0.205,0.303,0.327,0.630
Erik Gonzalez,PIT,SS,30,71,220,17,51,7,1,2,21,2,2,8,40,0,1,0,0.232,0.258,0.300,0.558
Tommy La Stella,SF,2B,32,76,220,26,55,11,1,7,27,0,0,18,26,0,1,1,0.250,0.308,0.405,0.713
Wilmer Difo,PIT,SS,29,116,219,25,59,7,3,4,24,1,0,20,54,0,1,0,0.269,0.329,0.384,0.713
Kurt Suzuki,LAA,C,38,72,219,17,49,8,0,6,16,0,0,12,44,2,3,11,0.224,0.294,0.342,0.636
Yan Gomes,WAS,C,34,63,218,30,59,11,1,9,35,0,0,13,47,0,0,4,0.271,0.323,0.454,0.777
Anthony Rendon,LAA,3B,31,58,217,24,52,13,0,6,34,0,0,29,41,0,2,1,0.240,0.329,0.382,0.711
Carter Kieboom,WAS,3B,24,62,217,26,45,6,0,6,20,0,0,25,62,0,2,5,0.207,0.301,0.318,0.619
Nelson Cruz,TB,DH,41,55,217,35,49,8,0,13,36,0,0,16,63,0,2,2,0.226,0.283,0.442,0.725
Alex Kirilloff,MIN,OF,23,59,215,23,54,11,1,8,34,1,1,14,52,0,1,1,0.251,0.299,0.423,0.722
Garrett Cooper,MIA,1B,30,71,215,30,61,10,1,9,33,1,1,30,68,0,1,4,0.284,0.380,0.465,0.845
Daniel Vogelbach,MIL,1B,28,93,215,30,47,8,0,9,24,0,0,43,57,0,0,0,0.219,0.349,0.381,0.730
Oscar Mercado,CLE,OF,26,72,214,27,48,11,1,6,19,7,1,21,42,1,0,2,0.224,0.300,0.369,0.669
Chad Pinder,OAK,2B,29,75,214,30,52,16,1,6,27,1,0,16,62,0,1,2,0.243,0.300,0.411,0.711
Phillip Evans,PIT,3B,29,76,214,23,44,5,0,5,16,1,0,28,53,0,0,5,0.206,0.312,0.299,0.611
Jake Fraley,SEA,OF,26,78,214,27,45,7,0,9,36,10,2,46,71,1,2,2,0.210,0.352,0.369,0.721
Sam Hilliard,COL,OF,27,81,214,32,46,7,2,14,34,5,0,23,87,0,0,1,0.215,0.294,0.463,0.757
Luke Voit,NYY,1B,30,68,213,26,51,7,1,11,35,0,0,21,74,0,0,7,0.239,0.328,0.437,0.765
Eloy Jimenez,CWS,OF,24,55,213,23,53,10,0,10,37,0,0,16,57,0,1,1,0.249,0.303,0.437,0.740
Michael Perez,PIT,C,29,70,210,19,30,8,1,7,21,0,1,19,68,0,0,2,0.143,0.221,0.290,0.511
Travis d'Arnaud,ATL,C,32,60,209,21,46,14,0,7,26,0,0,17,53,0,1,2,0.220,0.284,0.388,0.672
Magneuris Sierra,MIA,OF,25,123,209,27,48,6,1,0,5,11,0,15,50,1,0,0,0.230,0.281,0.268,0.549
Victor Reyes,DET,OF,27,76,209,26,54,10,4,5,22,5,1,8,55,2,1,0,0.258,0.284,0.416,0.700
Willians Astudillo,MIN,C,30,73,208,17,49,8,0,7,21,0,0,3,12,0,1,4,0.236,0.259,0.375,0.634
Taylor Ward,LAA,OF,27,65,208,33,52,15,0,8,33,1,1,20,55,2,1,6,0.250,0.332,0.438,0.770
Jorge Soler,ATL,OF,29,55,208,36,56,11,0,14,33,0,0,29,45,0,2,1,0.269,0.358,0.524,0.882
Mitch Garver,MIN,C,30,68,207,29,53,15,0,13,34,1,1,31,71,0,2,3,0.256,0.358,0.517,0.875
Matt Carpenter,STL,3B,35,130,207,18,35,11,1,3,21,2,0,35,77,0,1,6,0.169,0.305,0.275,0.580
Trea Turner,LAD,SS,28,52,207,41,70,17,0,10,28,11,2,15,33,0,2,2,0.338,0.385,0.565,0.950
Corey Dickerson,MIA,OF,32,63,205,27,54,12,3,2,14,2,4,16,45,0,1,3,0.263,0.324,0.380,0.704
David Dahl,TEX,OF,27,63,205,19,43,11,0,4,18,2,1,10,59,1,3,1,0.210,0.247,0.322,0.569
Matt Beaty,LAD,1B,28,120,204,35,55,4,1,7,40,2,2,20,44,0,0,10,0.270,0.363,0.402,0.765
Sandy Leon,MIA,C,32,84,202,15,37,5,0,4,14,0,0,12,65,1,2,3,0.183,0.237,0.267,0.504
Curt Casali,SF,C,32,77,200,20,42,11,1,5,26,0,0,26,66,1,0,4,0.210,0.313,0.350,0.663
Nick Gordon,MIN,SS,26,73,200,19,48,9,1,4,23,10,1,12,55,0,1,3,0.240,0.292,0.355,0.647
Austin Barnes,LAD,C,31,77,200,28,43,8,0,6,23,1,0,20,56,1,0,4,0.215,0.299,0.345,0.644
Nick Madrigal,CWS,2B,24,54,200,30,61,10,4,2,21,1,2,11,17,0,1,3,0.305,0.349,0.425,0.774
Bryan De La Cruz,MIA,OF,24,58,199,17,59,7,2,5,19,1,1,18,53,0,1,1,0.296,0.356,0.427,0.783
Adam Duvall,ATL,OF,33,55,199,26,45,7,1,16,45,0,0,14,69,0,0,3,0.226,0.287,0.513,0.800
Reese McGuire,TOR,C,26,78,198,22,50,15,0,1,10,0,0,15,44,1,1,2,0.253,0.310,0.343,0.653
Eli White,TEX,OF,27,64,198,26,35,6,1,6,15,4,3,18,66,0,0,4,0.177,0.259,0.308,0.567
DJ Peters,TEX,OF,25,52,197,24,39,7,1,12,34,2,0,4,68,0,3,2,0.198,0.218,0.426,0.644
Zack Collins,CWS,DH,26,78,195,25,41,13,0,4,26,1,1,34,69,1,0,1,0.210,0.330,0.338,0.668
Cesar Hernandez,CWS,2B,31,53,194,24,45,4,0,3,15,1,1,21,45,0,1,1,0.232,0.309,0.299,0.608
Kyle Higashioka,NYY,C,31,67,193,20,35,10,0,10,29,0,0,17,59,0,1,0,0.181,0.246,0.389,0.635
Andrew Stevenson,WAS,OF,27,109,192,22,44,6,0,5,23,1,1,13,61,2,1,5,0.229,0.294,0.339,0.633
Adam Frazier,SD,2B,29,57,191,25,51,8,1,1,11,5,1,13,23,3,0,4,0.267,0.327,0.335,0.662
Owen Miller,CLE,2B,24,60,191,17,39,8,0,4,18,2,0,9,54,0,1,1,0.204,0.243,0.309,0.552
Albert Pujols,LAD,1B,41,85,189,20,48,3,0,12,38,1,0,11,32,0,2,2,0.254,0.299,0.460,0.759
Brent Rooker,MIN,OF,27,58,189,25,38,10,0,9,16,0,0,15,70,0,0,9,0.201,0.291,0.397,0.688
Adam Eaton,CWS,OF,32,58,189,33,38,8,2,5,28,2,0,20,55,4,0,6,0.201,0.298,0.344,0.642
Marcell Ozuna,ATL,OF,30,48,188,21,40,6,0,7,26,0,0,19,46,0,0,1,0.213,0.288,0.356,0.644
Joey Gallo,NYY,OF,27,58,188,33,30,7,0,13,22,0,0,37,88,0,1,2,0.160,0.303,0.404,0.707
Andres Gimenez,CLE,SS,23,68,188,23,41,10,0,5,16,11,0,11,54,1,3,7,0.218,0.282,0.351,0.633
Kris Bryant,SF,3B,29,51,187,28,49,13,0,7,22,6,0,23,46,0,1,1,0.262,0.344,0.444,0.788
Josh Harrison,OAK,2B,34,48,185,19,47,10,0,2,22,4,3,6,25,0,2,6,0.254,0.296,0.341,0.637
Danny Jansen,TOR,C,26,70,184,32,41,13,0,11,28,0,0,17,44,1,0,3,0.223,0.299,0.473,0.772
Mike Moustakas,CIN,2B,33,62,183,21,38,12,0,6,22,0,0,18,46,0,3,2,0.208,0.282,0.372,0.654
Clint Frazier,NYY,OF,27,66,183,20,34,9,0,5,15,2,0,32,65,0,0,3,0.186,0.317,0.317,0.634
Jake Bauers,SEA,1B,26,72,182,20,40,4,0,2,13,6,0,18,51,0,0,2,0.220,0.297,0.275,0.572
Ehire Adrianza,ATL,SS,32,109,182,32,45,9,2,5,28,0,0,21,42,1,3,2,0.247,0.327,0.401,0.728
Manny Pina,MIL,C,34,75,180,27,34,6,0,13,33,0,0,22,38,0,1,5,0.189,0.293,0.439,0.732
Eduardo Escobar,MIL,3B,32,48,179,27,48,12,2,6,25,0,0,19,39,0,0,1,0.268,0.342,0.458,0.800
J.D. Davis,NYM,3B,28,73,179,18,51,12,0,5,23,1,0,24,68,0,2,6,0.285,0.384,0.436,0.820
Connor Joe,COL,OF,29,63,179,23,51,9,0,8,35,0,0,26,41,0,3,3,0.285,0.379,0.469,0.848
Travis Shaw,MIL,3B,31,56,178,14,34,8,0,6,28,0,0,19,51,1,1,3,0.191,0.279,0.337,0.616
Lane Thomas,WAS,OF,26,45,178,33,48,14,2,7,27,4,2,27,46,0,1,0,0.270,0.364,0.489,0.853
Mauricio Dubon,SF,2B,27,74,175,20,42,9,0,5,22,2,1,9,41,0,2,1,0.240,0.278,0.377,0.655
Aristides Aquino,CIN,OF,27,84,174,25,33,6,1,10,23,2,2,27,75,0,2,1,0.190,0.299,0.408,0.707
Leody Taveras,TEX,OF,23,49,174,14,28,6,2,3,9,10,1,9,60,1,0,1,0.161,0.207,0.270,0.477
Luis Rengifo,LAA,2B,24,54,174,22,35,1,0,6,18,1,0,9,38,3,2,2,0.201,0.246,0.310,0.556
Keston Hiura,MIL,2B,25,61,173,16,29,9,1,4,19,3,0,14,77,2,1,7,0.168,0.256,0.301,0.557
Austin Nola,SD,C,31,56,173,15,47,12,0,2,29,0,1,14,19,0,2,5,0.272,0.340,0.376,0.716
Stephen Piscotty,OAK,OF,30,72,173,14,38,8,0,5,16,1,0,13,48,0,0,2,0.220,0.282,0.353,0.635
Joc Pederson,ATL,OF,29,64,173,20,43,8,1,7,22,0,0,17,43,0,1,3,0.249,0.325,0.428,0.753
Anthony Rizzo,NYY,1B,32,49,173,32,43,7,0,8,21,2,0,16,28,0,2,9,0.249,0.340,0.428,0.768
Ryan McKenna,BAL,OF,24,90,169,20,31,6,1,2,14,1,0,24,74,2,0,2,0.183,0.292,0.266,0.558
Eric Sogard,CHC,2B,35,78,169,16,42,6,1,1,12,3,1,9,30,0,2,0,0.249,0.283,0.314,0.597
Jose Rojas,LAA,3B,28,61,168,26,35,14,0,6,15,2,1,15,50,0,0,1,0.208,0.277,0.399,0.676
Javier Baez,NYM,SS,28,47,167,32,50,9,0,9,22,5,2,13,53,0,0,6,0.299,0.371,0.515,0.886
Kole Calhoun,ARI,OF,34,51,166,17,39,8,0,5,17,1,0,15,41,0,1,0,0.235,0.297,0.373,0.670
Nomar Mazara,DET,OF,26,50,165,12,35,5,2,3,19,0,0,15,45,0,1,0,0.212,0.276,0.321,0.597
Alejandro Kirk,TOR,C,22,60,165,19,40,8,0,8,24,0,0,19,22,0,2,3,0.242,0.328,0.436,0.764
Danny Mendick,CWS,2B,28,71,164,14,36,5,0,2,20,0,1,18,42,1,1,2,0.220,0.303,0.287,0.590
Jake Cave,MIN,OF,28,76,164,14,31,6,1,3,13,1,1,10,62,1,0,3,0.189,0.249,0.293,0.542
Christian Arroyo,BOS,3B,26,57,164,22,43,12,0,6,25,1,0,8,44,1,0,7,0.262,0.324,0.445,0.769
William Contreras,ATL,C,23,52,163,19,35,4,1,8,23,0,0,19,54,0,1,2,0.215,0.303,0.399,0.702
Shogo Akiyama,CIN,OF,33,88,162,16,33,8,0,0,12,2,3,14,40,1,1,4,0.204,0.282,0.253,0.535
Andrew Knizner,STL,C,26,63,161,18,28,7,0,1,9,0,0,20,39,0,0,4,0.174,0.281,0.236,0.517
Gavin Sheets,CWS,OF,25,54,160,23,40,8,0,11,34,0,0,16,40,0,1,2,0.250,0.324,0.506,0.830
Rowdy Tellez,MIL,1B,26,56,158,22,43,10,1,7,28,0,0,14,32,0,1,1,0.272,0.333,0.481,0.814
Zach McKinstry,LAD,2B,26,60,158,19,34,9,0,7,29,1,1,10,50,1,2,1,0.215,0.263,0.405,0.668
Kevin Plawecki,BOS,C,30,64,157,15,45,7,0,3,15,0,0,12,26,1,0,3,0.287,0.349,0.389,0.738
Taylor Trammell,SEA,OF,24,51,156,23,25,7,0,8,18,2,3,17,75,2,0,3,0.160,0.256,0.359,0.615
Zack Short,DET,SS,26,61,156,21,22,4,0,6,20,2,0,22,59,0,6,0,0.141,0.239,0.282,0.521
Miguel Andujar,NYY,OF,26,45,154,19,39,2,0,6,12,0,1,7,28,0,1,0,0.253,0.284,0.383,0.667
Tomas Nido,NYM,C,27,58,153,16,34,5,1,3,13,1,0,5,44,0,0,3,0.222,0.261,0.327,0.588
Taylor Walls,TB,SS,25,54,152,15,32,10,0,1,15,4,2,23,49,1,0,0,0.211,0.314,0.296,0.610
Mike Tauchman,SF,OF,30,64,152,21,27,4,0,4,15,1,3,22,52,0,0,1,0.178,0.286,0.283,0.569
Josh Reddick,ARI,OF,34,54,151,15,39,11,0,2,21,0,0,6,31,0,1,0,0.258,0.285,0.371,0.656
Mike Brosseau,TB,2B,27,57,150,21,28,9,0,5,18,2,0,15,53,0,2,2,0.187,0.266,0.347,0.613
Nico Hoerner,CHC,2B,24,44,149,13,45,10,0,0,16,5,3,17,25,0,1,3,0.302,0.382,0.369,0.751
Jason Castro,HOU,C,34,66,149,22,35,7,0,8,21,0,0,25,54,2,0,3,0.235,0.356,0.443,0.799
Abraham Almonte,ATL,OF,32,64,148,20,32,12,0,5,19,1,1,26,38,0,1,0,0.216,0.331,0.399,0.730
Jake Meyers,HOU,OF,25,49,146,22,38,8,0,6,28,3,0,10,50,2,1,4,0.260,0.323,0.438,0.761
Andrew Knapp,PHI,C,29,62,145,13,22,3,0,2,11,0,0,10,61,1,1,2,0.152,0.215,0.214,0.429
Jason Martin,TEX,OF,26,58,144,14,30,3,0,6,17,3,1,8,41,1,1,0,0.208,0.248,0.354,0.602
Yonny Hernandez,TEX,2B,23,43,143,15,31,5,0,0,6,11,2,17,32,1,1,4,0.217,0.315,0.252,0.567
Jose Peraza,NYM,2B,27,64,142,21,29,7,0,6,20,1,0,9,26,0,0,3,0.204,0.266,0.380,0.646
Roberto Perez,CLE,C,32,44,141,13,21,3,0,7,17,1,0,17,56,2,0,1,0.149,0.245,0.319,0.564
Derek Hill,DET,OF,25,49,139,19,36,3,3,3,14,6,3,10,42,0,0,1,0.259,0.313,0.388,0.701
Rowdy Tellez,TOR,1B,26,50,139,12,29,4,1,4,8,0,0,9,33,0,0,3,0.209,0.272,0.338,0.610
Rob Refsnyder,MIN,OF,30,51,139,21,34,7,0,2,12,1,0,17,40,0,1,0,0.245,0.325,0.338,0.663
Cal Raleigh,SEA,C,24,47,139,6,25,12,0,2,13,0,0,7,52,0,1,1,0.180,0.223,0.309,0.532
Kelvin Gutierrez,BAL,3B,27,47,137,14,34,4,1,2,12,0,0,13,45,0,0,3,0.248,0.327,0.336,0.663
Kelvin Gutierrez,KC,3B,27,38,135,9,29,4,2,1,8,0,1,6,31,0,0,1,0.215,0.254,0.296,0.550
Kyle Schwarber,BOS,OF,28,41,134,34,39,10,0,7,18,0,0,33,39,0,0,1,0.291,0.435,0.522,0.957
Anthony Alford,PIT,OF,27,49,133,14,31,6,1,5,11,5,6,12,58,0,0,3,0.233,0.311,0.406,0.717
Stephen Vogt,ARI,C,37,52,132,17,28,6,1,5,17,0,0,18,36,1,0,0,0.212,0.307,0.386,0.693
Willy Adames,TB,SS,26,41,132,16,26,6,1,5,15,1,2,10,51,0,0,0,0.197,0.254,0.371,0.625
Luis Guillorme,NYM,2B,27,69,132,13,35,3,0,1,5,0,2,23,23,1,0,0,0.265,0.374,0.311,0.685
Yan Gomes,OAK,C,34,40,131,19,29,4,0,5,17,0,0,6,31,0,1,2,0.221,0.264,0.366,0.630
Corey Dickerson,TOR,OF,32,46,131,16,37,6,2,4,15,4,1,9,23,0,0,0,0.282,0.329,0.450,0.779
Travis Jankowski,PHI,OF,30,76,131,24,33,6,2,1,10,5,0,22,29,2,0,1,0.252,0.364,0.351,0.715
Jo Adell,LAA,OF,22,35,130,17,32,5,2,4,26,2,1,8,32,1,0,1,0.246,0.295,0.408,0.703
Kyle Lewis,SEA,OF,26,36,130,15,32,4,0,5,11,2,0,16,37,0,0,1,0.246,0.333,0.392,0.725
Austin Wynns,BAL,C,30,45,130,14,24,4,0,4,14,1,0,8,31,1,0,0,0.185,0.232,0.308,0.540
Jake Marisnick,CHC,OF,30,65,128,17,29,6,3,5,22,3,1,9,43,1,2,4,0.227,0.294,0.438,0.732
Billy Hamilton,CWS,OF,31,71,127,23,28,8,3,2,11,9,0,4,47,3,1,0,0.220,0.242,0.378,0.620
Tyler Wade,NYY,2B,26,103,127,31,34,5,1,0,5,17,6,16,37,0,0,1,0.268,0.354,0.323,0.677
Hoy Park,PIT,SS,25,44,127,16,25,5,2,3,14,1,1,18,38,1,1,1,0.197,0.299,0.339,0.638
Franchy Cordero,BOS,OF,27,48,127,12,24,6,0,1,9,1,1,8,51,1,0,0,0.189,0.237,0.260,0.497
Yoshi Tsutsugo,PIT,3B,29,43,127,20,34,8,1,8,25,0,1,15,33,0,1,1,0.268,0.347,0.535,0.882
Adalberto Mondesi,KC,SS,26,35,126,19,29,8,1,6,17,15,1,6,43,3,0,1,0.230,0.271,0.452,0.723
Max Schrock,CIN,2B,27,53,125,19,36,7,2,3,14,1,1,8,24,0,1,0,0.288,0.328,0.448,0.776
Adam Engel,CWS,OF,29,39,123,21,31,9,0,7,18,7,1,11,31,0,1,5,0.252,0.336,0.496,0.832
Lewin Diaz,MIA,1B,25,40,122,16,25,4,1,8,13,0,0,6,33,0,0,0,0.205,0.242,0.451,0.693
Joe Panik,MIA,2B,31,53,122,8,21,3,0,1,7,2,0,9,20,1,0,2,0.172,0.241,0.221,0.462
Jarrod Dyson,KC,OF,37,77,122,13,27,7,2,0,10,8,3,6,28,3,1,0,0.221,0.256,0.311,0.567
Thairo Estrada,SF,2B,25,52,121,19,33,4,0,7,22,1,0,9,23,0,0,2,0.273,0.333,0.479,0.812
Ernie Clement,CLE,SS,25,40,121,16,28,4,0,3,9,0,1,7,19,3,0,2,0.231,0.285,0.339,0.624
Wilson Ramos,DET,C,34,35,120,12,24,5,0,6,13,0,0,6,29,0,0,0,0.200,0.238,0.392,0.630
Justin Williams,STL,OF,26,51,119,10,19,0,0,4,11,0,1,17,46,0,0,1,0.160,0.270,0.261,0.531
Jordy Mercer,WAS,SS,35,46,118,13,30,7,0,2,9,0,0,9,34,0,0,0,0.254,0.307,0.364,0.671
Tim Locastro,ARI,OF,29,55,118,11,21,2,0,1,5,5,3,6,26,0,0,9,0.178,0.271,0.220,0.491
Nick Maton,PHI,SS,24,52,117,16,30,7,1,2,14,2,0,10,39,1,1,2,0.256,0.323,0.385,0.708
Mike Trout,LAA,OF,30,36,117,23,39,8,1,8,18,2,0,27,41,0,0,2,0.333,0.466,0.624,1.090
Cole Tucker,PIT,OF,25,43,117,15,26,4,2,2,12,2,2,13,33,0,1,0,0.222,0.298,0.342,0.640
Danny Santana,BOS,1B,30,38,116,15,21,2,1,5,14,4,2,10,30,0,0,1,0.181,0.252,0.345,0.597
Joe Panik,TOR,2B,31,42,114,9,28,6,0,2,11,0,0,8,14,0,1,0,0.246,0.293,0.351,0.644
Jake Lamb,CWS,3B,31,43,113,20,24,2,0,6,13,0,0,17,38,0,0,1,0.212,0.321,0.389,0.710
Jake Rogers,DET,C,26,38,113,17,27,5,3,6,17,1,0,11,46,3,0,0,0.239,0.306,0.496,0.802
Cam Gallagher,KC,C,28,48,112,9,28,6,0,1,7,0,0,8,20,2,1,0,0.250,0.298,0.330,0.628
Nick Senzel,CIN,OF,26,36,111,18,28,4,0,1,8,2,5,12,16,0,1,0,0.252,0.323,0.315,0.638
Shed Long,SEA,2B,26,34,111,13,22,4,1,4,17,1,0,9,39,1,0,0,0.198,0.258,0.360,0.618
John Nogowski,PIT,1B,28,33,111,12,29,7,0,1,14,0,1,11,20,0,1,0,0.261,0.325,0.351,0.676
Lars Nootbaar,STL,OF,24,58,109,15,26,3,1,5,15,2,1,13,28,1,1,0,0.239,0.317,0.422,0.739
Abraham Toro,HOU,3B,24,35,109,17,23,1,0,6,20,3,1,9,21,0,1,3,0.211,0.287,0.385,0.672
Alex Jackson,MIA,C,25,42,108,11,17,4,0,3,12,0,0,11,60,0,0,4,0.157,0.260,0.278,0.538
Aaron Hicks,NYY,OF,32,32,108,13,21,3,0,4,14,0,0,14,30,0,2,2,0.194,0.294,0.333,0.627
Freddy Galvis,PHI,2B,31,32,107,17,24,3,0,5,14,0,0,9,19,0,2,2,0.224,0.292,0.393,0.685
Jorge Mateo,BAL,OF,26,32,107,9,30,7,1,2,8,5,3,7,28,0,1,1,0.280,0.328,0.421,0.749
Jarren Duran,BOS,OF,25,33,107,17,23,3,2,2,10,2,1,4,40,0,1,0,0.215,0.241,0.336,0.577
Robel Garcia,HOU,2B,28,47,106,8,16,3,0,1,8,0,0,8,42,1,1,1,0.151,0.216,0.208,0.424
Jose Marmolejos,SEA,OF,28,41,106,11,17,4,0,4,12,0,0,15,39,0,1,0,0.160,0.262,0.311,0.573
Daz Cameron,DET,OF,24,35,103,16,20,5,0,4,13,6,0,10,38,0,0,2,0.194,0.278,0.359,0.637
Taylor Jones,HOU,1B,27,35,102,11,25,8,1,2,16,0,0,4,29,0,2,0,0.245,0.269,0.402,0.671
Edward Olivares,KC,OF,25,39,101,14,24,2,0,5,12,2,2,5,19,1,1,3,0.238,0.291,0.406,0.697
JaCoby Jones,DET,OF,29,36,100,9,17,2,0,2,9,2,2,5,42,0,0,0,0.170,0.210,0.250,0.460
Jake Bauers,CLE,1B,26,43,100,7,19,3,0,2,6,0,1,12,27,0,0,0,0.190,0.277,0.280,0.557
Kyle Garlick,MIN,OF,29,36,99,17,23,8,0,5,10,1,0,6,32,0,1,1,0.232,0.280,0.465,0.745
Richie Martin,BAL,SS,26,37,98,9,23,2,0,1,8,0,2,4,28,1,1,1,0.235,0.269,0.286,0.555
Luke Williams,PHI,3B,25,58,98,8,24,4,0,1,6,2,2,10,23,0,0,0,0.245,0.315,0.316,0.631
Jordan Luplow,CLE,OF,28,36,98,12,17,5,0,7,20,0,2,21,31,0,0,2,0.173,0.331,0.439,0.770
Evan White,SEA,1B,25,30,97,8,14,3,0,2,9,0,0,6,31,0,0,1,0.144,0.202,0.237,0.439
Robinson Chirinos,CHC,C,37,45,97,13,22,5,1,5,15,0,0,9,36,1,0,5,0.227,0.324,0.454,0.778
Gerardo Parra,WAS,OF,34,53,97,13,23,5,0,2,10,1,1,6,30,1,1,2,0.237,0.292,0.351,0.643
Eddie Rosario,ATL,OF,30,33,96,13,26,4,2,7,16,2,1,9,14,0,1,0,0.271,0.330,0.573,0.903
Seby Zavala,CWS,C,28,37,93,15,17,3,0,5,15,0,0,6,41,4,0,1,0.183,0.240,0.376,0.616
Ka'ai Tom,PIT,OF,27,39,92,9,14,2,1,2,11,1,0,17,30,0,3,5,0.152,0.308,0.261,0.569
Billy McKinney,MIL,OF,27,40,92,9,19,3,1,3,6,1,0,7,24,0,1,0,0.207,0.260,0.359,0.619
Billy McKinney,NYM,OF,27,39,91,15,20,6,1,5,14,1,0,11,31,0,0,0,0.220,0.304,0.473,0.777
Kevan Smith,ATL,C,33,30,91,6,15,3,0,0,3,0,0,10,29,0,0,0,0.165,0.248,0.198,0.446
Tres Barrera,WAS,C,27,30,91,8,24,3,1,2,10,0,0,12,22,0,0,4,0.264,0.374,0.385,0.759
Andrew Young,ARI,2B,27,58,91,13,19,7,0,6,15,0,0,6,45,0,1,6,0.209,0.298,0.484,0.782
Emmanuel Rivera,KC,3B,25,29,90,13,23,4,0,1,5,2,0,8,21,0,0,0,0.256,0.316,0.333,0.649
Rio Ruiz,BAL,3B,27,32,90,10,15,3,0,3,6,2,0,9,29,1,0,1,0.167,0.250,0.300,0.550
Ben Rortvedt,MIN,C,24,39,89,8,15,1,0,3,7,0,0,6,29,2,0,1,0.169,0.229,0.281,0.510
Alex Avila,WAS,C,34,34,89,5,17,9,1,1,9,0,0,19,37,1,0,2,0.191,0.345,0.348,0.693
Aramis Garcia,OAK,C,28,32,88,8,18,1,0,3,7,0,0,1,28,2,0,3,0.205,0.239,0.318,0.557
Jorge Mateo,SD,OF,26,57,87,10,18,4,0,2,6,5,0,2,27,1,0,3,0.207,0.250,0.322,0.572
Breyvic Valera,TOR,2B,29,39,87,10,22,6,0,1,15,1,0,8,12,1,1,0,0.253,0.313,0.356,0.669
Sam Haggerty,SEA,OF,27,35,86,15,16,3,0,2,5,5,1,6,28,1,0,1,0.186,0.247,0.291,0.538
Albert Pujols,LAA,1B,41,24,86,9,17,0,0,5,12,1,0,3,13,0,0,3,0.198,0.250,0.372,0.622
Rodolfo Castro,PIT,2B,22,31,86,9,17,2,0,5,8,0,0,6,27,0,0,1,0.198,0.258,0.395,0.653
Brandon Drury,NYM,3B,29,51,84,7,23,5,0,4,14,0,0,3,22,0,0,1,0.274,0.307,0.476,0.783
Billy McKinney,LAD,OF,27,37,82,8,12,2,1,1,7,0,0,14,24,0,1,1,0.146,0.276,0.232,0.508
Keibert Ruiz,WAS,C,23,23,81,9,23,3,0,2,14,0,0,6,4,0,0,2,0.284,0.348,0.395,0.743
Jose Rondon,STL,2B,27,63,80,13,21,3,0,3,9,2,0,8,17,0,2,0,0.263,0.322,0.413,0.735
Ender Inciarte,ATL,OF,31,52,79,11,17,2,0,2,10,1,0,7,22,2,1,0,0.215,0.276,0.316,0.592
Patrick Mazeika,NYM,C,28,37,79,6,15,3,0,1,6,0,0,4,18,0,1,3,0.190,0.253,0.266,0.519
Michael Chavis,BOS,2B,26,31,79,12,15,4,1,2,6,1,1,1,32,0,1,1,0.190,0.207,0.342,0.549
Yoshi Tsutsugo,TB,3B,29,26,78,5,13,4,0,0,5,0,0,8,27,1,0,0,0.167,0.244,0.218,0.462
Stephen Vogt,ATL,C,37,26,78,7,13,0,0,2,8,0,0,8,20,0,1,0,0.167,0.241,0.244,0.485
Pablo Reyes,MIL,OF,28,53,78,12,20,5,0,1,3,4,0,9,15,0,0,0,0.256,0.333,0.359,0.692
Daniel Johnson,CLE,OF,26,30,77,9,17,0,0,4,5,1,0,4,27,0,0,0,0.221,0.259,0.377,0.636
Kyle Isbel,KC,OF,24,28,76,16,21,5,2,1,7,2,0,7,23,0,0,0,0.276,0.337,0.434,0.771
Yohel Pozo,TEX,C,24,21,74,8,21,4,0,1,9,0,0,3,10,0,0,0,0.284,0.312,0.378,0.690
Pablo Sandoval,ATL,1B,35,69,73,11,13,0,0,4,11,0,0,11,25,0,0,2,0.178,0.302,0.342,0.644
Jason Vosler,SF,3B,28,41,73,12,13,4,0,3,9,2,0,7,21,0,1,1,0.178,0.256,0.356,0.612
Daniel Robertson,MIL,2B,27,50,73,10,12,2,0,2,4,0,0,12,28,1,1,3,0.164,0.303,0.274,0.577
Isaac Paredes,DET,3B,22,23,72,7,15,3,1,1,5,0,0,10,11,0,2,1,0.208,0.306,0.319,0.625
Grayson Greiner,DET,C,29,31,72,7,17,4,0,1,7,0,0,9,31,1,0,0,0.236,0.321,0.333,0.654
Stevie Wilkerson,BAL,OF,29,31,72,5,12,3,0,0,2,2,0,3,30,0,0,1,0.167,0.211,0.208,0.419
Matt Vierling,PHI,OF,25,34,71,11,23,3,1,2,6,2,0,4,20,0,1,1,0.324,0.364,0.479,0.843
Riley Adams,WAS,C,25,35,71,11,19,6,1,2,10,0,0,13,28,0,0,6,0.268,0.422,0.465,0.887
Alex Blandino,CIN,2B,28,43,70,9,14,4,0,0,5,1,0,8,28,0,0,4,0.200,0.317,0.257,0.574
Orlando Arcia,ATL,SS,27,32,70,9,15,3,0,2,13,1,0,7,16,0,1,0,0.214,0.282,0.343,0.625
Jonathan Davis,TOR,OF,29,52,70,16,10,1,0,1,4,4,1,11,21,0,1,3,0.143,0.282,0.200,0.482
Drew Ellis,ARI,3B,25,28,69,10,9,2,0,1,5,0,0,10,27,0,0,4,0.130,0.277,0.203,0.480
Webster Rivas,SD,C,31,24,68,8,15,2,0,2,4,0,0,8,16,1,0,0,0.221,0.303,0.338,0.641
Andrew Velazquez,NYY,SS,27,28,67,11,15,4,1,1,6,4,1,1,23,0,0,0,0.224,0.235,0.358,0.593
Jahmai Jones,BAL,2B,24,26,67,5,10,3,0,0,3,1,0,4,26,0,0,1,0.149,0.208,0.194,0.402
Luke Raley,LAD,OF,27,33,66,5,12,1,0,2,4,0,0,2,25,0,0,4,0.182,0.250,0.288,0.538
Jonathan Arauz,BOS,2B,23,28,65,9,12,3,0,3,8,0,0,8,15,2,0,0,0.185,0.274,0.369,0.643
Jordan Luplow,TB,OF,28,26,65,11,16,3,0,4,8,1,0,7,26,0,0,0,0.246,0.319,0.477,0.796
Sheldon Neuse,LAD,2B,26,33,65,6,11,1,0,3,4,1,1,1,26,0,0,0,0.169,0.182,0.323,0.505
Domingo Leyba,BAL,2B,26,21,65,6,10,1,0,1,4,0,0,6,16,0,0,1,0.154,0.236,0.215,0.451
Chance Sisco,BAL,C,26,23,65,4,10,2,0,0,3,0,0,6,18,0,0,2,0.154,0.247,0.185,0.432
Adam Eaton,LAA,OF,32,26,65,5,13,2,0,1,2,1,0,2,16,0,1,1,0.200,0.232,0.277,0.509
Eddy Alvarez,MIA,2B,31,24,64,8,12,4,1,1,6,1,0,4,18,0,0,6,0.188,0.297,0.328,0.625
Cristian Pache,ATL,OF,22,22,63,6,7,3,0,1,4,0,0,2,25,2,0,1,0.111,0.152,0.206,0.358
Donovan Walton,SEA,SS,27,24,63,6,13,2,1,2,7,1,0,4,15,2,0,0,0.206,0.254,0.365,0.619
Dustin Garneau,DET,C,34,20,62,9,13,5,0,6,11,0,0,3,18,0,2,1,0.210,0.250,0.581,0.831
Will Craig,PIT,1B,26,18,60,5,13,2,0,1,3,0,0,5,22,0,0,0,0.217,0.277,0.300,0.577
Mike Ford,NYY,1B,29,22,60,6,8,0,0,3,5,0,0,11,23,0,0,1,0.133,0.278,0.283,0.561
Austin Romine,CHC,C,32,28,60,5,13,2,0,1,5,0,0,2,22,0,0,0,0.217,0.242,0.300,0.542
Kean Wong,LAA,2B,26,32,60,3,10,2,1,0,6,0,1,2,17,4,0,0,0.167,0.194,0.233,0.427
Chad Wallach,MIA,C,29,23,60,2,12,2,1,0,6,0,0,3,32,0,2,1,0.200,0.242,0.267,0.509
Andrew Romine,CHC,SS,35,26,60,7,11,2,0,1,5,0,1,4,24,0,0,0,0.183,0.234,0.267,0.501
Jake McCarthy,ARI,OF,24,24,59,11,13,3,0,2,4,3,2,8,23,1,0,2,0.220,0.333,0.373,0.706
Jose Iglesias,BOS,SS,31,23,59,8,21,4,1,1,7,0,0,3,9,0,0,2,0.356,0.406,0.508,0.914
Mike Freeman,CIN,2B,34,37,59,6,11,0,0,0,3,1,1,5,20,0,0,1,0.186,0.262,0.186,0.448
Gilberto Celestino,MIN,OF,22,23,59,7,8,3,0,2,3,0,0,3,14,0,0,0,0.136,0.177,0.288,0.465
Skye Bolt,OAK,OF,27,32,56,5,5,1,0,1,4,2,0,1,14,2,0,0,0.089,0.105,0.161,0.266
Matt Joyce,PHI,OF,37,43,55,6,5,1,0,2,7,0,0,12,16,0,1,1,0.091,0.261,0.218,0.479
Rene Rivera,CLE,C,38,21,55,6,13,3,0,2,9,0,0,4,24,3,0,1,0.236,0.300,0.400,0.700
Renato Nunez,DET,1B,27,14,53,7,10,3,0,4,7,0,0,1,16,0,0,1,0.189,0.218,0.472,0.690
Albert Almora,NYM,OF,27,47,52,3,6,3,0,0,0,0,0,2,17,0,0,0,0.115,0.148,0.173,0.321
Roman Quinn,PHI,OF,28,28,52,8,9,2,2,0,2,4,3,6,19,0,0,4,0.173,0.306,0.288,0.594
Rafael Marchan,PHI,C,22,20,52,7,12,1,1,1,4,0,0,4,10,0,0,0,0.231,0.286,0.346,0.632
Edwin Rios,LAD,3B,27,25,51,4,4,0,0,1,1,0,0,7,18,0,0,2,0.078,0.217,0.137,0.354
Khris Davis,OAK,DH,33,20,51,3,13,4,0,1,5,0,0,2,15,0,0,0,0.255,0.283,0.392,0.675
Khris Davis,TEX,DH,33,22,51,8,8,1,1,2,5,0,0,8,16,0,2,0,0.157,0.262,0.333,0.595
Brian O'Grady,SD,OF,29,32,51,8,8,3,0,2,9,0,0,8,17,1,1,0,0.157,0.267,0.333,0.600
Henry Ramos,ARI,OF,29,18,50,5,10,2,0,1,8,0,0,4,12,0,1,0,0.200,0.255,0.300,0.555
Jose Barrero,CIN,SS,23,21,50,4,10,4,1,0,3,1,0,3,17,0,0,3,0.200,0.286,0.320,0.606
Jake Marisnick,SD,OF,30,34,48,4,9,1,0,0,2,1,0,2,22,1,0,3,0.188,0.264,0.208,0.472
Lane Thomas,STL,OF,26,32,48,2,5,1,0,0,1,2,1,10,17,0,0,0,0.104,0.259,0.125,0.384
Delino DeShields,CIN,OF,29,25,47,4,12,5,0,1,6,2,1,9,11,2,0,0,0.255,0.375,0.426,0.801
Jose Siri,HOU,OF,26,21,46,10,14,0,1,4,9,3,1,1,17,0,0,2,0.304,0.347,0.609,0.956
Alan Trejo,COL,SS,25,28,46,7,10,2,0,1,3,0,0,3,15,0,1,0,0.217,0.260,0.326,0.586
Curtis Terry,TEX,1B,25,13,45,3,4,2,0,0,1,0,0,2,15,0,0,1,0.089,0.146,0.133,0.279
Alfonso Rivas,CHC,1B,25,18,44,7,14,1,0,1,3,0,0,4,16,0,0,1,0.318,0.388,0.409,0.797
Tucupita Marcano,SD,2B,22,25,44,7,8,1,0,0,3,0,1,6,9,0,0,0,0.182,0.280,0.205,0.485
Ildemaro Vargas,ARI,2B,30,18,43,4,8,1,1,0,4,0,0,3,7,0,0,0,0.186,0.239,0.256,0.495
Chris Owings,COL,2B,30,21,43,9,14,4,3,1,5,2,1,7,15,0,0,0,0.326,0.420,0.628,1.048
Travis Shaw,BOS,3B,31,28,42,6,10,3,0,3,11,0,0,5,17,1,0,0,0.238,0.319,0.524,0.843
Wyatt Mathisen,ARI,3B,27,23,42,3,5,0,0,1,8,0,0,5,21,0,1,3,0.119,0.255,0.190,0.445
Michael Chavis,PIT,2B,26,12,42,4,15,3,0,1,5,0,1,0,10,0,0,0,0.357,0.357,0.500,0.857
Dustin Fowler,PIT,OF,26,18,41,3,7,1,0,0,2,1,0,3,20,0,1,1,0.171,0.239,0.195,0.434
Jose Devers,MIA,SS,21,21,41,7,10,3,0,0,5,0,0,3,11,0,1,1,0.244,0.304,0.317,0.621
Sebastian Rivero,KC,C,22,17,40,1,7,2,0,0,3,0,0,3,15,0,0,1,0.175,0.250,0.225,0.475
Jared Oliva,PIT,OF,25,20,40,4,7,2,0,0,2,2,0,3,10,0,0,0,0.175,0.233,0.225,0.458
Jake Burger,CWS,3B,25,15,38,5,10,3,1,1,3,0,0,4,15,0,0,0,0.263,0.333,0.474,0.807
Greg Allen,NYY,OF,28,15,37,9,10,4,1,0,2,5,0,5,13,0,1,5,0.270,0.417,0.432,0.849
Colton Welker,COL,1B,24,19,37,7,7,1,0,0,2,0,0,3,11,0,0,0,0.189,0.250,0.216,0.466
Nick Martini,CHC,OF,31,25,37,4,10,1,0,0,4,0,1,6,10,0,2,0,0.270,0.356,0.297,0.653
Jose Godoy,SEA,C,27,16,37,2,6,1,0,0,3,0,0,3,14,0,0,0,0.162,0.225,0.189,0.414
Chris Gittens,NYY,1B,27,16,36,1,4,0,0,1,5,0,0,7,13,0,1,0,0.111,0.250,0.194,0.444
Michael Hermosillo,CHC,OF,26,16,36,5,7,2,0,3,7,0,0,1,12,0,0,1,0.194,0.237,0.500,0.737
Matt Adams,COL,DH,33,22,36,3,6,1,0,0,2,0,0,4,9,0,0,0,0.167,0.250,0.194,0.444
Todd Frazier,PIT,3B,35,13,35,3,3,1,0,0,4,0,0,3,6,0,0,2,0.086,0.200,0.114,0.314
Rio Ruiz,COL,3B,27,30,35,1,6,1,0,0,4,0,0,3,9,0,2,0,0.171,0.225,0.200,0.425
Adrian Sanchez,WAS,3B,31,16,35,5,9,2,0,0,1,0,0,3,4,0,0,0,0.257,0.316,0.314,0.630
Josh Palacios,TOR,OF,26,13,35,7,7,0,0,0,4,0,0,3,11,1,1,2,0.200,0.293,0.200,0.493
Nick Heath,ARI,OF,27,20,35,3,5,1,0,0,1,0,2,4,15,0,0,0,0.143,0.231,0.171,0.402
Jack Mayfield,SEA,SS,31,12,34,2,6,1,0,0,3,0,0,1,10,0,0,0,0.176,0.200,0.206,0.406
Jay Bruce,NYY,OF,34,10,34,3,4,1,0,1,3,0,0,5,13,0,0,0,0.118,0.231,0.235,0.466
Garrett Stubbs,HOU,C,28,18,34,2,6,2,0,0,3,0,0,2,7,2,0,0,0.176,0.222,0.235,0.457
Luis Campusano,SD,C,23,11,34,0,3,0,0,0,1,0,0,4,11,0,0,0,0.088,0.184,0.088,0.272
Marwin Gonzalez,HOU,2B,32,14,34,5,6,0,0,3,8,0,0,1,8,0,0,1,0.176,0.222,0.441,0.663
Scott Schebler,LAA,OF,31,14,34,3,5,3,0,0,0,0,0,0,17,0,0,0,0.147,0.147,0.235,0.382
Steven Souza,LAD,OF,32,17,33,2,5,1,1,1,3,0,0,2,14,0,0,1,0.152,0.222,0.333,0.555
Mason Williams,NYM,OF,30,17,33,3,7,1,0,1,1,0,1,4,9,0,0,0,0.212,0.297,0.333,0.630
Mickey Moniak,PHI,OF,23,21,33,3,3,0,0,1,3,0,0,3,16,1,0,0,0.091,0.167,0.182,0.349
Kevin Smith,TOR,SS,25,18,32,2,3,0,0,1,1,0,0,3,11,0,0,1,0.094,0.194,0.188,0.382
Drew Butera,LAA,C,38,12,32,1,3,1,0,0,5,0,0,0,16,3,1,0,0.094,0.091,0.125,0.216
Vimael Machin,OAK,3B,28,15,32,1,4,0,0,0,1,0,0,3,10,2,0,0,0.125,0.200,0.125,0.325
Romy Gonzalez,CWS,SS,25,10,32,4,8,3,0,0,2,0,0,1,11,0,0,0,0.250,0.273,0.344,0.617
Nick Fortes,MIA,C,24,14,31,6,9,0,0,4,7,1,0,3,8,0,0,0,0.290,0.353,0.677,1.030
Geraldo Perdomo,ARI,SS,22,11,31,5,8,3,1,0,1,0,0,6,6,0,0,0,0.258,0.378,0.419,0.797
Johneshwy Fargas,CHC,OF,26,15,31,3,7,0,1,0,2,1,2,1,8,0,0,0,0.226,0.250,0.290,0.540
Wilson Ramos,CLE,C,34,9,31,3,7,0,0,2,7,0,0,3,7,0,1,0,0.226,0.286,0.419,0.705
TJ Friedl,CIN,OF,26,14,31,9,9,1,0,1,2,0,0,4,2,0,1,0,0.290,0.361,0.419,0.780
Bryan Holaday,ARI,C,33,13,31,2,6,2,0,0,1,0,0,1,15,0,0,2,0.194,0.265,0.258,0.523
John Hicks,TEX,C,32,10,31,6,8,1,0,4,7,0,0,0,8,0,0,0,0.258,0.258,0.677,0.935
Jake Lamb,TOR,3B,31,12,31,5,4,2,0,1,6,0,0,5,13,0,2,1,0.129,0.256,0.290,0.546
Greg Deichmann,CHC,OF,26,14,30,0,4,0,0,0,1,0,0,1,14,0,0,0,0.133,0.161,0.133,0.294
Scott Heineman,CIN,OF,28,19,30,5,3,0,0,2,3,0,0,3,15,0,0,1,0.100,0.206,0.300,0.506
Luke Maile,MIL,C,30,15,30,6,9,4,0,0,3,0,0,3,7,0,0,1,0.300,0.382,0.433,0.815
Austin Dean,STL,OF,28,22,30,5,7,2,0,1,7,0,0,6,11,0,2,0,0.233,0.342,0.400,0.742
Riley Adams,TOR,C,25,12,28,2,3,2,0,0,0,0,0,2,12,0,0,0,0.107,0.167,0.179,0.346
Ryan Lavarnway,CLE,C,34,9,28,2,7,3,0,0,0,0,0,1,10,1,0,0,0.250,0.276,0.357,0.633
Trayce Thompson,CHC,OF,30,15,28,6,7,1,0,4,9,2,0,7,11,0,0,0,0.250,0.400,0.714,1.114
Cameron Maybin,NYM,OF,34,9,28,2,1,0,0,0,0,1,0,3,12,0,0,2,0.036,0.182,0.036,0.218
Anthony Bemboom,LAA,C,31,8,27,2,6,0,0,0,2,0,0,1,10,0,0,0,0.222,0.250,0.222,0.472
Asdrubal Cabrera,CIN,3B,35,20,26,0,2,0,0,0,2,0,0,3,7,0,1,1,0.077,0.194,0.077,0.271
Vidal Brujan,TB,2B,23,10,26,3,2,0,0,0,2,1,0,0,8,0,0,0,0.077,0.077,0.077,0.154
DJ Peters,LAD,OF,25,18,26,5,5,2,0,1,4,0,0,8,14,0,0,0,0.192,0.382,0.385,0.767
Jacob Nottingham,SEA,C,26,10,26,3,3,0,0,1,2,0,0,2,12,0,1,2,0.115,0.226,0.231,0.457
Yoshi Tsutsugo,LAD,3B,29,12,25,2,3,0,0,0,2,0,0,6,12,0,0,0,0.120,0.290,0.120,0.410
Tony Wolters,CHC,C,29,14,24,3,3,0,0,0,0,0,1,5,12,1,0,0,0.125,0.276,0.125,0.401
Alex Jackson,ATL,C,25,10,23,2,1,0,0,0,0,0,0,2,13,0,0,3,0.043,0.214,0.043,0.257
Travis Blankenhorn,NYM,3B,25,23,23,3,4,2,0,1,4,0,0,1,8,0,0,0,0.174,0.208,0.391,0.599
P.J. Higgins,CHC,C,28,9,23,1,1,0,0,0,0,0,0,2,8,0,0,0,0.043,0.120,0.043,0.163
Alejo Lopez,CIN,2B,25,14,23,3,6,0,0,0,0,0,0,0,5,0,0,0,0.261,0.261,0.261,0.522
Mark Payton,CIN,OF,29,24,22,2,4,0,0,0,0,0,0,2,7,0,0,0,0.182,0.250,0.182,0.432
Domingo Leyba,ARI,2B,26,13,22,0,0,0,0,0,0,0,0,2,7,0,0,0,0.000,0.083,0.000,0.083
Ryan LaMarre,NYY,OF,32,9,21,3,4,0,0,2,4,1,0,2,6,0,0,1,0.190,0.292,0.476,0.768
Adam Haseley,PHI,OF,25,9,21,2,4,1,0,0,0,0,0,0,4,0,0,0,0.190,0.190,0.238,0.428
Ildemaro Vargas,CHC,2B,30,9,21,3,3,2,0,0,2,1,0,3,7,0,0,0,0.143,0.250,0.238,0.488
Johneshwy Fargas,NYM,OF,26,7,21,1,6,3,1,0,3,0,0,0,7,1,0,0,0.286,0.286,0.524,0.810
Tim Locastro,NYY,OF,29,9,21,4,4,2,0,1,2,0,0,1,7,0,1,0,0.190,0.217,0.429,0.646
Frank Schwindel,OAK,1B,29,8,20,2,3,1,0,1,3,0,0,0,5,0,0,0,0.150,0.150,0.350,0.500
Dexter Fowler,LAA,OF,35,7,20,3,5,0,0,0,1,1,0,1,6,0,0,0,0.250,0.286,0.250,0.536
Estevan Florial,NYY,OF,23,11,20,3,6,2,0,1,2,1,0,5,6,0,0,0,0.300,0.440,0.550,0.990
Taylor Motter,COL,SS,32,13,20,2,3,0,0,0,0,0,0,2,6,0,0,0,0.150,0.227,0.150,0.377
Rob Brantly,NYY,C,32,6,20,0,3,1,0,0,0,0,0,0,4,0,0,1,0.150,0.190,0.200,0.390
Hernan Perez,WAS,2B,30,10,19,1,1,0,0,0,0,0,0,2,10,0,0,0,0.053,0.143,0.053,0.196
Scott Kingery,PHI,2B,27,15,19,1,1,0,0,0,0,0,0,0,12,0,0,0,0.053,0.053,0.053,0.106
Troy Stokes,PIT,OF,25,8,18,2,2,1,0,0,2,1,0,1,5,0,0,1,0.111,0.200,0.167,0.367
Khalil Lee,NYM,OF,23,11,18,2,1,1,0,0,1,0,0,0,13,0,0,0,0.056,0.056,0.111,0.167
Jake Hager,ARI,SS,28,9,18,1,2,0,0,0,2,0,0,4,11,0,0,0,0.111,0.273,0.111,0.384
John Nogowski,STL,1B,28,19,18,2,1,0,0,0,0,0,0,1,2,0,0,1,0.056,0.150,0.056,0.206
Chadwick Tromp,SF,C,26,9,18,1,4,0,0,1,2,0,0,0,4,0,0,0,0.222,0.222,0.389,0.611
Jonathan Davis,NYY,OF,29,12,17,4,1,0,0,0,0,0,0,1,5,0,0,0,0.059,0.111,0.059,0.170
Ka'ai Tom,OAK,OF,27,9,16,1,1,0,0,0,1,0,0,0,6,0,0,0,0.063,0.063,0.063,0.126
Deven Marrero,MIA,SS,31,10,16,4,3,0,0,1,1,1,0,3,6,0,0,0,0.188,0.316,0.375,0.691
Ronald Guzman,TEX,1B,27,7,16,1,1,0,0,1,1,0,0,1,6,0,0,0,0.063,0.118,0.250,0.368
Anderson Tejeda,TEX,SS,23,5,16,1,1,0,0,0,0,1,0,1,10,0,0,0,0.063,0.118,0.063,0.181
Johan Camargo,ATL,2B,27,15,16,1,0,0,0,0,0,0,0,2,6,0,0,0,0.000,0.111,0.000,0.111
Max Moroff,STL,2B,28,6,16,0,1,0,0,0,1,0,0,0,10,0,0,0,0.063,0.063,0.063,0.126
Stuart Fairchild,ARI,OF,25,12,15,3,2,1,0,0,2,0,0,1,3,0,0,1,0.133,0.235,0.200,0.435
Payton Henry,MIA,C,24,5,15,0,4,1,0,0,0,0,0,1,5,0,0,0,0.267,0.313,0.333,0.646
Tyler Nevin,BAL,1B,24,6,14,3,4,2,0,1,3,0,0,4,5,0,0,0,0.286,0.444,0.643,1.087
Jacob Nottingham,MIL,C,26,5,14,2,3,1,0,2,4,0,0,0,8,0,0,0,0.214,0.214,0.714,0.928
Mike Tauchman,NYY,OF,30,11,14,1,3,1,0,0,0,2,0,1,6,1,0,0,0.214,0.267,0.286,0.553
Ben Gamel,CLE,OF,29,11,14,1,1,1,0,0,0,0,0,3,6,0,0,0,0.071,0.235,0.143,0.378
Jon Jay,LAA,OF,36,5,14,2,5,0,0,0,1,0,0,0,2,0,0,0,0.357,0.357,0.357,0.714
Jonathan Lucroy,WAS,C,35,5,14,0,5,1,0,0,2,0,0,0,2,0,0,0,0.357,0.357,0.429,0.786
Rene Rivera,WAS,C,38,4,14,2,3,0,0,0,0,0,0,0,5,0,0,1,0.214,0.267,0.214,0.481
Jarrod Dyson,TOR,OF,37,25,13,4,1,0,0,0,0,2,2,4,5,0,0,0,0.077,0.294,0.077,0.371
Jack Lopez,BOS,2B,28,7,13,2,2,2,0,0,0,0,0,1,6,2,0,0,0.154,0.214,0.308,0.522
Trent Giambrone,CHC,2B,27,5,13,0,2,0,0,0,0,0,0,0,4,0,0,0,0.154,0.154,0.154,0.308
Jacob Wilson,HOU,3B,31,6,13,2,2,1,1,0,1,0,0,1,2,0,0,0,0.154,0.214,0.385,0.599
Connor Wong,BOS,C,25,6,13,3,4,1,1,0,1,0,0,1,7,0,0,0,0.308,0.357,0.538,0.895
Ildemaro Vargas,PIT,2B,30,7,13,0,1,0,0,0,1,0,0,0,3,0,0,0,0.077,0.077,0.077,0.154
Kevin Padlo,TB,3B,25,9,12,1,1,1,0,0,0,0,0,2,8,0,0,0,0.083,0.214,0.167,0.381
Brian Miller,MIA,OF,26,5,11,1,3,0,0,0,0,0,0,0,3,0,0,0,0.273,0.273,0.273,0.546
Orlando Arcia,MIL,SS,27,4,11,0,1,0,0,0,1,0,0,0,3,0,0,0,0.091,0.091,0.091,0.182
Andy Burns,LAD,3B,31,9,11,2,3,1,0,0,0,0,0,3,1,0,0,1,0.273,0.467,0.364,0.831
Wilfredo Tovar,NYM,SS,30,6,11,0,2,0,0,0,1,0,0,1,4,0,0,0,0.182,0.250,0.182,0.432
Yairo Munoz,BOS,OF,26,5,11,0,1,0,0,0,0,0,0,0,2,0,0,0,0.091,0.091,0.091,0.182
Jorge Bonifacio,PHI,OF,28,7,11,0,1,0,0,0,2,0,0,1,6,0,0,0,0.091,0.167,0.091,0.258
Eric Campbell,SEA,1B,34,4,11,1,3,0,0,0,0,0,0,1,1,0,0,0,0.273,0.333,0.273,0.606
Pete Kozma,OAK,SS,33,3,11,0,1,0,0,0,0,0,0,1,4,0,0,0,0.091,0.167,0.091,0.258
Jose Lobaton,CHC,C,37,6,11,1,0,0,0,0,0,0,0,2,5,0,0,0,0.000,0.154,0.000,0.154
Tim Lopes,MIL,OF,27,7,10,1,1,0,0,0,0,0,1,1,4,0,0,0,0.100,0.182,0.100,0.282
Zach Reks,LAD,OF,27,6,10,2,0,0,0,0,0,0,0,0,7,0,0,0,0.000,0.000,0.000,0.000
Nick Williams,CWS,OF,28,4,10,2,0,0,0,0,0,0,0,1,4,0,0,2,0.000,0.231,0.000,0.231
Monte Harrison,MIA,OF,26,9,10,0,2,1,0,0,0,0,1,0,3,1,0,0,0.200,0.200,0.300,0.500
Jaylin Davis,SF,OF,27,5,9,1,1,1,0,0,0,0,0,0,1,0,0,0,0.111,0.111,0.222,0.333
Oneil Cruz,PIT,SS,23,2,9,2,3,0,0,1,3,0,0,0,4,0,0,0,0.333,0.333,0.667,1.000
Chance Sisco,NYM,C,26,5,9,1,1,1,0,0,1,0,0,1,3,0,0,0,0.111,0.200,0.222,0.422
Dillon Thomas,SEA,OF,28,4,9,2,1,0,0,0,2,0,0,0,7,0,0,0,0.111,0.111,0.111,0.222
Seth Beer,ARI,OF,25,5,9,4,4,1,0,1,3,0,0,1,3,0,0,0,0.444,0.500,0.889,1.389
Jeff Mathis,ATL,C,38,3,9,0,0,0,0,0,0,0,0,0,5,0,0,0,0.000,0.000,0.000,0.000
Erick Castillo,CHC,C,28,4,8,0,2,0,0,0,0,0,0,1,1,0,0,0,0.250,0.333,0.250,0.583
Jake Hager,NYM,SS,28,5,8,1,1,0,0,0,0,0,0,0,3,0,0,0,0.125,0.125,0.125,0.250
Derek Fisher,MIL,OF,28,4,8,1,2,0,1,0,1,0,0,0,1,0,0,0,0.250,0.250,0.500,0.750
Luis Gonzalez,CWS,OF,26,6,8,2,2,2,0,0,0,0,0,3,2,0,0,0,0.250,0.455,0.500,0.955
Luis Barrera,OAK,OF,25,6,8,1,2,0,0,0,0,0,0,0,2,0,0,0,0.250,0.250,0.250,0.500
Austin Allen,OAK,C,27,4,8,2,2,0,0,1,1,0,0,0,3,0,0,0,0.250,0.250,0.625,0.875
Ryan McBroom,KC,1B,29,7,8,1,2,0,0,0,0,0,0,1,6,0,0,0,0.250,0.333,0.250,0.583
Jacob Robson,DET,OF,26,4,7,1,0,0,0,0,0,0,0,0,4,0,0,0,0.000,0.000,0.000,0.000
Keibert Ruiz,LAD,C,23,6,7,1,1,0,0,1,1,0,0,0,5,0,0,0,0.143,0.143,0.571,0.714
Matt Thaiss,LAA,C,26,3,7,1,1,0,0,0,0,0,0,1,1,0,0,0,0.143,0.250,0.143,0.393
Jacob Wilson,OAK,3B,31,6,7,1,1,0,0,0,0,0,0,0,1,0,0,0,0.143,0.143,0.143,0.286
John Andreoli,SD,OF,31,7,6,2,1,1,0,0,0,0,0,1,3,0,0,0,0.167,0.286,0.333,0.619
JT Riddle,MIN,3B,30,4,6,1,2,0,0,0,0,0,0,0,0,0,0,0,0.333,0.333,0.333,0.666
Ryan Vilade,COL,OF,22,3,6,0,0,0,0,0,0,0,0,1,1,0,0,0,0.000,0.143,0.000,0.143
Taylor Motter,BOS,SS,32,3,6,3,2,1,1,0,1,0,0,1,2,0,0,0,0.333,0.429,0.833,1.262
Alex De Goti,HOU,2B,27,2,6,2,2,0,0,0,1,0,0,1,2,0,0,0,0.333,0.429,0.333,0.762
Ryan Dorow,TEX,SS,26,3,6,0,0,0,0,0,0,0,0,1,3,0,0,0,0.000,0.143,0.000,0.143
Joey Bart,SF,C,24,2,6,1,2,0,0,0,1,0,0,0,2,0,0,0,0.333,0.333,0.333,0.666
Luis Marte,MIA,SS,27,4,6,2,1,0,0,0,0,0,0,1,2,0,0,0,0.167,0.286,0.167,0.453
Taylor Davis,PIT,C,31,2,5,0,2,0,0,0,0,0,0,1,0,0,0,0,0.400,0.500,0.400,0.900
Jonathan Lucroy,ATL,C,35,2,5,2,1,0,0,0,1,0,0,3,2,1,0,0,0.200,0.500,0.200,0.700
Scott Hurst,STL,OF,25,7,5,0,0,0,0,0,0,0,0,0,1,0,0,0,0.000,0.000,0.000,0.000
Ronnie Dawson,HOU,OF,26,3,5,2,1,0,0,0,0,0,0,1,0,0,0,0,0.200,0.333,0.200,0.533
Nick Ciuffo,BAL,C,26,2,5,0,1,1,0,0,0,0,0,1,1,0,0,0,0.200,0.333,0.400,0.733
Ali Sanchez,STL,C,24,2,4,0,2,2,0,0,0,0,0,0,0,0,0,0,0.500,0.500,1.000,1.500
Braden Bishop,SEA,OF,28,8,4,1,1,0,0,0,0,0,0,0,2,1,0,0,0.250,0.250,0.250,0.500
Patrick Kivlehan,SD,3B,31,5,4,3,1,0,0,0,2,0,0,2,3,0,1,1,0.250,0.500,0.250,0.750
Taylor Gushue,CHC,C,27,2,4,0,0,0,0,0,0,0,0,0,3,0,0,0,0.000,0.000,0.000,0.000
Kevan Smith,TB,C,33,3,4,2,1,0,0,0,0,0,0,0,2,0,0,0,0.250,0.250,0.250,0.500
Hunter Owen,PIT,3B,28,3,4,0,0,0,0,0,0,0,0,0,3,0,0,1,0.000,0.200,0.000,0.200
Trey Amburgey,NYY,OF,27,2,4,0,0,0,0,0,0,0,0,0,2,0,0,0,0.000,0.000,0.000,0.000
Ivan Castillo,SD,2B,26,3,3,0,1,0,0,0,1,0,0,1,0,0,0,0,0.333,0.500,0.333,0.833
Humberto Arteaga,WAS,SS,27,1,3,0,0,0,0,0,1,0,0,0,0,0,1,0,0.000,0.000,0.000,0.000
Jared Hoying,TOR,OF,32,2,3,0,0,0,0,0,0,0,0,0,1,0,0,0,0.000,0.000,0.000,0.000
Jakson Reetz,WAS,C,25,2,2,1,1,1,0,0,0,0,0,0,0,0,0,0,0.500,0.500,1.000,1.500
Corey Ray,MIL,OF,27,1,2,1,0,0,0,0,0,0,0,1,1,0,0,0,0.000,0.333,0.000,0.333
Sean Kazmar,ATL,SS,37,3,2,0,0,0,0,0,0,0,0,0,0,0,0,0,0.000,0.000,0.000,0.000
Tyler Payne,CHC,C,29,1,2,0,0,0,0,0,0,0,0,0,2,0,0,0,0.000,0.000,0.000,0.000
Joe Odom,TB,C,29,2,2,0,0,0,0,0,0,0,0,0,1,0,0,0,0.000,0.000,0.000,0.000
Otto Lopez,TOR,2B,23,1,1,0,0,0,0,0,0,0,0,0,1,0,0,0,0.000,0.000,0.000,0.000
Cody Wilson,WAS,OF,25,1,1,0,0,0,0,0,0,0,0,0,0,0,0,0,0.000,0.000,0.000,0.000
Josh Lowe,TB,OF,23,2,1,0,1,0,0,0,0,1,0,1,0,0,0,0,1.000,1.000,1.000,2.000
Kevin Padlo,SEA,3B,25,1,1,0,0,0,0,0,0,0,0,0,1,0,0,0,0.000,0.000,0.000,0.000
Hoy Park,NYY,SS,25,1,1,0,0,0,0,0,0,0,0,0,0,0,0,0,0.000,0.000,0.000,0.000
Skye Bolt,SF,OF,27,2,1,0,0,0,0,0,0,0,0,0,1,0,0,0,0.000,0.000,0.000,0.000
Tyler Ladendorf,CHC,2B,33,1,1,0,0,0,0,0,0,0,0,0,0,0,0,0,0.000,0.000,0.000,0.000
Mario Feliciano,MIL,C,22,1,0,1,0,0,0,0,0,0,0,1,0,0,0,0,0.000,1.000,0.000,1.000